ID,Description,GeneRatio,BgRatio,pvalue,p.adjust,qvalue,geneID,Count
GO:0046475,glycerophospholipid catabolic process,5/124,34/28564,3.575931855893689e-7,3.9721186549701126e-4,3.535453509698423e-4,11812/211429/232889/329502/18784,5
GO:0046503,glycerolipid catabolic process,6/124,66/28564,4.3506228422454685e-7,3.9721186549701126e-4,3.535453509698423e-4,11812/227231/211429/232889/329502/18784,6
GO:0009395,phospholipid catabolic process,5/124,57/28564,4.968359698326713e-6,0.003024074936381526,0.0026916306576198054,11812/211429/232889/329502/18784,5
GO:0042552,myelination,7/124,180/28564,1.4213107480699102e-5,0.004453184024095629,0.003963634134549866,319903/53897/17136/230822/18205/18823/22239,7
GO:0007272,ensheathment of neurons,7/124,183/28564,1.581740942976832e-5,0.004453184024095629,0.003963634134549866,319903/53897/17136/230822/18205/18823/22239,7
GO:0008366,axon ensheathment,7/124,183/28564,1.581740942976832e-5,0.004453184024095629,0.003963634134549866,319903/53897/17136/230822/18205/18823/22239,7
GO:1901072,glucosamine-containing compound catabolic process,3/124,12/28564,1.707135168054184e-5,0.004453184024095629,0.003963634134549866,81600/12655/12659,3
GO:0044242,cellular lipid catabolic process,7/124,230/28564,6.786058490093326e-5,0.01492017593246243,0.013279962898323625,230379/11812/227231/211429/232889/329502/18784,7
GO:0046348,amino sugar catabolic process,3/124,19/28564,7.353865465069105e-5,0.01492017593246243,0.013279962898323625,81600/12655/12659,3
GO:0016042,lipid catabolic process,8/124,342/28564,1.284794059478076e-4,0.023460339526069667,0.020881284503517363,230379/11812/227231/320981/211429/232889/329502/18784,8
GO:0032288,myelin assembly,3/124,25/28564,1.7125985200219627e-4,0.028429135432364583,0.0253038479896068,17136/230822/22239,3
GO:1901071,glucosamine-containing compound metabolic process,3/124,27/28564,2.1642177579599427e-4,0.032932180216957124,0.029311861563948702,81600/12655/12659,3
GO:1903169,regulation of calcium ion transmembrane transport,6/124,201/28564,2.526761671382632e-4,0.033959000953967484,0.030225801275682133,23796/13491/118454/69563/18823/19229,6
GO:0035456,response to interferon-beta,4/124,71/28564,2.625350392081533e-4,0.033959000953967484,0.030225801275682133,69550/100702/60440/21822,4
GO:0022010,central nervous system myelination,3/124,30/28564,2.9755970167769975e-4,0.033959000953967484,0.030225801275682133,319903/17136/18823,3
GO:0032291,axon ensheathment in central nervous system,3/124,30/28564,2.9755970167769975e-4,0.033959000953967484,0.030225801275682133,319903/17136/18823,3
GO:0046434,organophosphate catabolic process,5/124,145/28564,4.362091615351503e-4,0.04310775531485281,0.03836880971126578,11812/211429/232889/329502/18784,5
GO:0034341,response to type II interferon,5/124,146/28564,4.50125779088474e-4,0.04310775531485281,0.03836880971126578,69550/17472/100702/16161/21822,5
GO:0050482,arachidonic acid secretion,3/124,35/28564,4.7215504178371097e-4,0.04310775531485281,0.03836880971126578,12062/13491/18784,3
GO:1903963,arachidonate transport,3/124,35/28564,4.7215504178371097e-4,0.04310775531485281,0.03836880971126578,12062/13491/18784,3
GO:0042832,defense response to protozoan,3/124,39/28564,6.509983867454891e-4,0.054536606136247,0.04854125778195963,17472/100702/60440,3
GO:0015711,organic anion transport,8/124,437/28564,6.610500717192643e-4,0.054536606136247,0.04854125778195963,12062/13491/12140/18784/228993/20528/117591/11989,8
GO:0006026,aminoglycan catabolic process,3/124,40/28564,7.015609424702615e-4,0.054536606136247,0.04854125778195963,81600/12655/12659,3
GO:0070588,calcium ion transmembrane transport,7/124,339/28564,7.168009568838599e-4,0.054536606136247,0.04854125778195963,23796/12290/13491/118454/69563/18823/19229,7
GO:0000050,urea cycle,2/124,10/28564,8.222810041932495e-4,0.055452622879330705,0.049356574465721226,109900/227231,2
GO:1903589,positive regulation of blood vessel endothelial cell proliferation involved in sprouting angiogenesis,2/124,10/28564,8.222810041932495e-4,0.055452622879330705,0.049356574465721226,23796/14181,2
GO:0001562,response to protozoan,3/124,44/28564,9.28622430093704e-4,0.055452622879330705,0.049356574465721226,17472/100702/60440,3
GO:0046006,regulation of activated T cell proliferation,3/124,44/28564,9.28622430093704e-4,0.055452622879330705,0.049356574465721226,60533/50723/16161,3
GO:0008611,ether lipid biosynthetic process,2/124,11/28564,0.0010021558351686272,0.055452622879330705,0.049356574465721226,232889/18784,2
GO:0019627,urea metabolic process,2/124,11/28564,0.0010021558351686272,0.055452622879330705,0.049356574465721226,109900/227231,2
GO:0046504,glycerol ether biosynthetic process,2/124,11/28564,0.0010021558351686272,0.055452622879330705,0.049356574465721226,232889/18784,2
GO:0071941,nitrogen cycle metabolic process,2/124,11/28564,0.0010021558351686272,0.055452622879330705,0.049356574465721226,109900/227231,2
GO:0097384,cellular lipid biosynthetic process,2/124,11/28564,0.0010021558351686272,0.055452622879330705,0.049356574465721226,232889/18784,2
GO:0006040,amino sugar metabolic process,3/124,46/28564,0.001057667427245698,0.056802962416195424,0.05055846772963957,81600/12655/12659,3
GO:1901503,ether biosynthetic process,2/124,12/28564,0.0011991727318662443,0.061548762282465905,0.054782549699733306,232889/18784,2
GO:0046486,glycerolipid metabolic process,7/124,374/28564,0.0012668159855653174,0.061548762282465905,0.054782549699733306,11812/227231/53897/211429/232889/329502/18784,7
GO:0014003,oligodendrocyte development,3/124,49/28564,0.0012715964849844704,0.061548762282465905,0.054782549699733306,319903/17136/18823,3
GO:0010001,glial cell differentiation,6/124,274/28564,0.0012808614275650078,0.061548762282465905,0.054782549699733306,319903/17136/230822/18205/226115/18823,6
GO:0042063,gliogenesis,7/124,378/28564,0.001346347130357878,0.06303666307778168,0.05610688176174262,319903/118454/17136/230822/18205/226115/18823,7
GO:0050798,activated T cell proliferation,3/124,52/28564,0.0015109430751929032,0.06897455138255602,0.06139200284468006,60533/50723/16161,3
GO:0009084,glutamine family amino acid biosynthetic process,2/124,14/28564,0.0016440344666973322,0.07321968137047143,0.06517045485444624,109900/71275,2
GO:0051924,regulation of calcium ion transport,6/124,292/28564,0.0017678525866043615,0.07685949578903724,0.06841013518088056,23796/13491/118454/69563/18823/19229,6
GO:0015908,fatty acid transport,4/124,120/28564,0.0018853069248535627,0.07850067665011949,0.06987089683967516,12062/13491/12140/18784,4
GO:0034638,phosphatidylcholine catabolic process,2/124,15/28564,0.0018915825698823973,0.07850067665011949,0.06987089683967516,11812/18784,2
GO:0006022,aminoglycan metabolic process,4/124,121/28564,0.0019432981131296545,0.07885471899054998,0.07018601840168857,81600/12655/16426/12659,4
GO:0048709,oligodendrocyte differentiation,4/124,122/28564,0.0020025127706608326,0.07949105041797132,0.07075239629062531,319903/17136/226115/18823,4
GO:0006677,glycosylceramide metabolic process,2/124,16/28564,0.0021556792581292387,0.08270644610462241,0.07361431531996138,53897/22239,2
GO:0035458,cellular response to interferon-beta,3/124,59/28564,0.0021741015405377195,0.08270644610462241,0.07361431531996138,100702/60440/21822,3
GO:0032309,icosanoid secretion,3/124,60/28564,0.0022813334921365103,0.0850145909518626,0.07566871991103699,12062/13491/18784,3
GO:0046470,phosphatidylcholine metabolic process,3/124,61/28564,0.0023917921990413518,0.08611617536930219,0.076649204340925,11812/232889/18784,3
GO:1903587,regulation of blood vessel endothelial cell proliferation involved in sprouting angiogenesis,2/124,17/28564,0.0024361785327116415,0.08611617536930219,0.076649204340925,23796/14181,2
GO:0021782,glial cell development,4/124,129/28564,0.0024523773927731182,0.08611617536930219,0.076649204340925,319903/17136/230822/18823,4
GO:0001952,regulation of cell-matrix adhesion,4/124,130/28564,0.0025218522277854925,0.08688494656483602,0.07733346255612315,230379/11815/12182/19229,4
GO:0007614,short-term memory,2/124,18/28564,0.002732935332813404,0.08943662609518468,0.07960462944080542,13491/20528,2
GO:0042308,negative regulation of protein import into nucleus,2/124,18/28564,0.002732935332813404,0.08943662609518468,0.07960462944080542,11815/17472,2
GO:0042311,vasodilation,3/124,64/28564,0.0027428538123386325,0.08943662609518468,0.07960462944080542,12062/227231/59030,3
GO:0006662,glycerol ether metabolic process,2/124,19/28564,0.003045805530244312,0.09271336250943267,0.08252114585493979,232889/18784,2
GO:0035235,ionotropic glutamate receptor signaling pathway,2/124,19/28564,0.003045805530244312,0.09271336250943267,0.08252114585493979,18823/19229,2
GO:0046485,ether lipid metabolic process,2/124,19/28564,0.003045805530244312,0.09271336250943267,0.08252114585493979,232889/18784,2
GO:0008277,regulation of G protein-coupled receptor signaling pathway,4/124,137/28564,0.0030464412653701863,0.09271336250943267,0.08252114585493979,114230/23796/381853/19144,4
GO:0015909,long-chain fatty acid transport,3/124,67/28564,0.0031241010789631986,0.09351817328175083,0.08323748172423087,12062/13491/18784,3
GO:0032387,negative regulation of intracellular transport,3/124,68/28564,0.003258032052902311,0.09595429884838097,0.08540579778745618,11815/17472/69563,3
GO:0010810,regulation of cell-substrate adhesion,5/124,230/28564,0.0033586503045179017,0.0968760222152546,0.08622619375128443,230379/11815/12182/18073/19229,5
GO:0009064,glutamine family amino acid metabolic process,3/124,69/28564,0.0033954356088588687,0.0968760222152546,0.08622619375128443,109900/227231/71275,3
GO:0006334,nucleosome assembly,3/124,70/28564,0.003536339881812266,0.09826346095074723,0.0874611078042046,50709/319149/97122,3
GO:0030278,regulation of ossification,4/124,143/28564,0.003551691359665562,0.09826346095074723,0.0874611078042046,16840/27047/19229/74499,4
GO:0006816,calcium ion transport,7/124,452/28564,0.0036554586988392216,0.09962488931463312,0.08867287087207791,23796/12290/13491/118454/69563/18823/19229,7
GO:0007160,cell-matrix adhesion,5/124,236/28564,0.0037469019937268746,0.10061533883154813,0.08955443774480333,230379/11815/12182/18073/19229,5
GO:0006541,glutamine metabolic process,2/124,22/28564,0.00407966910380668,0.10787766476872415,0.09601839764968588,109900/227231,2
GO:0071715,icosanoid transport,3/124,74/28564,0.00413550741172546,0.10787766476872415,0.09601839764968588,12062/13491/18784,3
GO:0002043,blood vessel endothelial cell proliferation involved in sprouting angiogenesis,2/124,23/28564,0.00445557007777282,0.11299820780573847,0.10057602631697712,23796/14181,2
GO:0018904,ether metabolic process,2/124,23/28564,0.00445557007777282,0.11299820780573847,0.10057602631697712,232889/18784,2
GO:0050671,positive regulation of lymphocyte proliferation,4/124,157/28564,0.004945698526825253,0.12371021246551933,0.11011043295484053,12182/60533/50723/16161,4
GO:0032946,positive regulation of mononuclear cell proliferation,4/124,160/28564,0.005285910502802514,0.13031524972115593,0.1159893616011211,12182/60533/50723/16161,4
GO:0009615,response to virus,6/124,366/28564,0.005352488351088004,0.13031524972115593,0.1159893616011211,69550/17472/76933/16161/21822/58203,6
GO:0050670,regulation of lymphocyte proliferation,5/124,260/28564,0.005625351346334277,0.1333372838219275,0.11867917577740017,12182/60533/50723/16161/18784,5
GO:0031643,positive regulation of myelination,2/124,26/28564,0.005675158705137163,0.1333372838219275,0.11867917577740017,17136/230822,2
GO:1904062,regulation of monoatomic cation transmembrane transport,6/124,371/28564,0.005709586846774815,0.1333372838219275,0.11867917577740017,23796/13491/118454/69563/18823/19229,6
GO:0034765,regulation of monoatomic ion transmembrane transport,7/124,492/28564,0.005768699573895001,0.1333372838219275,0.11867917577740017,23796/12290/13491/118454/69563/18823/19229,7
GO:0032944,regulation of mononuclear cell proliferation,5/124,264/28564,0.005992962220260569,0.1344608685086582,0.1196792419308055,12182/60533/50723/16161/18784,5
GO:0034368,protein-lipid complex remodeling,2/124,27/28564,0.006111857659484464,0.1344608685086582,0.1196792419308055,11812/18784,2
GO:0034369,plasma lipoprotein particle remodeling,2/124,27/28564,0.006111857659484464,0.1344608685086582,0.1196792419308055,11812/18784,2
GO:0042104,positive regulation of activated T cell proliferation,2/124,27/28564,0.006111857659484464,0.1344608685086582,0.1196792419308055,50723/16161,2
GO:0010876,lipid localization,7/124,500/28564,0.006282975243050661,0.13657991421202983,0.12156533552970201,11812/11815/12062/13491/12140/232889/18784,7
GO:0046823,negative regulation of nucleocytoplasmic transport,2/124,28/28564,0.006563413967314261,0.139956684165178,0.12457088854040174,11815/17472,2
GO:0060294,cilium movement involved in cell motility,4/124,171/28564,0.006666789536154503,0.139956684165178,0.12457088854040174,12290/70897/59030/74469,4
GO:0006650,glycerophospholipid metabolic process,5/124,272/28564,0.006778419849700261,0.139956684165178,0.12457088854040174,11812/211429/232889/329502/18784,5
GO:0034728,nucleosome organization,3/124,89/28564,0.00691212869944405,0.139956684165178,0.12457088854040174,50709/319149/97122,3
GO:0050848,regulation of calcium-mediated signaling,3/124,89/28564,0.00691212869944405,0.139956684165178,0.12457088854040174,12182/13491/19229,3
GO:0002029,desensitization of G protein-coupled receptor signaling pathway,2/124,29/28564,0.007029692542082625,0.139956684165178,0.12457088854040174,23796/381853,2
GO:0034367,protein-containing complex remodeling,2/124,29/28564,0.007029692542082625,0.139956684165178,0.12457088854040174,11812/18784,2
GO:1904064,positive regulation of cation transmembrane transport,4/124,174/28564,0.0070810673365244835,0.139956684165178,0.12457088854040174,23796/13491/118454/18823,4
GO:0014015,positive regulation of gliogenesis,3/124,90/28564,0.007128133421337107,0.139956684165178,0.12457088854040174,118454/17136/18205,3
GO:0070665,positive regulation of leukocyte proliferation,4/124,176/28564,0.0073665009283909975,0.14127388479017142,0.12574328593764036,12182/60533/50723/16161,4
GO:0000272,polysaccharide catabolic process,2/124,30/28564,0.0075105591735401215,0.14127388479017142,0.12574328593764036,81600/12655,2
GO:0022401,negative adaptation of signaling pathway,2/124,30/28564,0.0075105591735401215,0.14127388479017142,0.12574328593764036,23796/381853,2
GO:0046209,nitric oxide metabolic process,3/124,92/28564,0.007572071157734751,0.14127388479017142,0.12574328593764036,109900/227231/19229,3
GO:0001539,cilium or flagellum-dependent cell motility,4/124,178/28564,0.0076594274886237525,0.14127388479017142,0.12574328593764036,12290/70897/59030/74469,4
GO:0060285,cilium-dependent cell motility,4/124,178/28564,0.0076594274886237525,0.14127388479017142,0.12574328593764036,12290/70897/59030/74469,4
GO:0065004,protein-DNA complex assembly,4/124,180/28564,0.007959926426370648,0.1437889867997794,0.12798189636182591,50709/319149/97122/74469,4
GO:0006688,glycosphingolipid biosynthetic process,2/124,31/28564,0.008005880522770322,0.1437889867997794,0.12798189636182591,53897/22239,2
GO:2001057,reactive nitrogen species metabolic process,3/124,94/28564,0.008032024454314073,0.1437889867997794,0.12798189636182591,109900/227231/19229,3
GO:0070663,regulation of leukocyte proliferation,5/124,287/28564,0.008440834804443565,0.14669195318968312,0.13056573224469403,12182/60533/50723/16161/18784,5
GO:0023058,adaptation of signaling pathway,2/124,32/28564,0.008515524117254333,0.14669195318968312,0.13056573224469403,23796/381853,2
GO:0035455,response to interferon-alpha,2/124,32/28564,0.008515524117254333,0.14669195318968312,0.13056573224469403,69550/21822,2
GO:1990806,ligand-gated ion channel signaling pathway,2/124,32/28564,0.008515524117254333,0.14669195318968312,0.13056573224469403,18823/19229,2
GO:0045685,regulation of glial cell differentiation,3/124,97/28564,0.008752259836797059,0.14936099497188252,0.13294135944923424,17136/18205/226115,3
GO:0015718,monocarboxylic acid transport,4/124,186/28564,0.008907632895767756,0.15060497840436965,0.1340485886068754,12062/13491/12140/18784,4
GO:0030148,sphingolipid biosynthetic process,3/124,99/28564,0.00925279312082362,0.15500550677636632,0.13796535565960089,230379/53897/22239,3
GO:0019932,second-messenger-mediated signaling,5/124,295/28564,0.009434083202983652,0.15660578116952864,0.1393897078029355,23796/12182/13491/381853/19229,5
GO:0001818,negative regulation of cytokine production,5/124,296/28564,0.009563656299540575,0.15732645408073054,0.14003115530100188,11815/69550/60533/17472/96875,5
GO:0006672,ceramide metabolic process,3/124,101/28564,0.009769756735418106,0.1592819267756559,0.14177165788990187,230379/53897/22239,3
GO:0019935,cyclic-nucleotide-mediated signaling,3/124,102/28564,0.01003443244678789,0.16214932431712115,0.14432383509865399,23796/381853/19229,3
GO:0006970,response to osmotic stress,3/124,103/28564,0.010303253956964614,0.1650328221527841,0.14689034265515571,12062/19229/20528,3
GO:0002532,production of molecular mediator involved in inflammatory response,3/124,104/28564,0.010576233157835999,0.16793218909746552,0.1494709747890049,11815/81600/12655,3
GO:0008210,estrogen metabolic process,2/124,37/28564,0.011273999261690749,0.1774682987228216,0.1579587555358486,13113/20887,2
GO:0046394,carboxylic acid biosynthetic process,5/124,310/28564,0.011508427586481636,0.1782039870000535,0.15861356772242038,11812/109900/71275/18784/18823,5
GO:0042129,regulation of T cell proliferation,4/124,201/28564,0.011591251372803606,0.1782039870000535,0.15861356772242038,60533/50723/16161/18784,4
GO:0001953,negative regulation of cell-matrix adhesion,2/124,38/28564,0.011866842307682516,0.1782039870000535,0.15861356772242038,230379/11815,2
GO:1901020,negative regulation of calcium ion transmembrane transporter activity,2/124,38/28564,0.011866842307682516,0.1782039870000535,0.15861356772242038,13491/69563,2
GO:0016053,organic acid biosynthetic process,5/124,313/28564,0.011957721845526422,0.1782039870000535,0.15861356772242038,11812/109900/71275/18784/18823,5
GO:0071824,protein-DNA complex subunit organization,4/124,203/28564,0.011984129219482597,0.1782039870000535,0.15861356772242038,50709/319149/97122/74469,4
GO:1904427,positive regulation of calcium ion transmembrane transport,3/124,109/28564,0.012003883023552344,0.1782039870000535,0.15861356772242038,23796/118454/18823,3
GO:0031644,regulation of nervous system process,4/124,204/28564,0.012183735554664238,0.17941533163562015,0.1596917461494192,13491/17136/230822/19229,4
GO:0007340,acrosome reaction,2/124,39/28564,0.012473104141246664,0.18220710529533127,0.1621766130028198,11434/54524,2
GO:0034767,positive regulation of monoatomic ion transmembrane transport,4/124,206/28564,0.012589321900469023,0.18244525230362252,0.16238857990245759,23796/13491/118454/18823,4
GO:0007162,negative regulation of cell adhesion,5/124,318/28564,0.012732832123158233,0.18307205871564514,0.16294647988525746,230379/11815/60533/18784/21923,5
GO:0032642,regulation of chemokine production,3/124,112/28564,0.012911040799213567,0.18418406640128104,0.1639362417268565,11815/81600/12655,3
GO:0009651,response to salt stress,2/124,40/28564,0.013092659046445425,0.1853270962698399,0.16495361540360456,12062/19229,2
GO:0006869,lipid transport,6/124,447/28564,0.01351410201464855,0.18844020879876208,0.16772449552388807,11812/11815/12062/13491/12140/18784,6
GO:0042102,positive regulation of T cell proliferation,3/124,114/28564,0.013537034161084538,0.18844020879876208,0.16772449552388807,60533/50723/16161,3
GO:0071827,plasma lipoprotein particle organization,2/124,41/28564,0.01372538213046843,0.18844020879876208,0.16772449552388807,11812/18784,2
GO:2000463,positive regulation of excitatory postsynaptic potential,2/124,41/28564,0.01372538213046843,0.18844020879876208,0.16772449552388807,13491/19229,2
GO:0030261,chromosome condensation,2/124,42/28564,0.014371149318950376,0.1943831011585436,0.17301407055328952,50709/21973,2
GO:1900181,negative regulation of protein localization to nucleus,2/124,42/28564,0.014371149318950376,0.1943831011585436,0.17301407055328952,11815/17472,2
GO:0071346,cellular response to type II interferon,3/124,118/28564,0.014840233812296152,0.1992519628033292,0.17734768580638746,17472/100702/16161,3
GO:0007204,positive regulation of cytosolic calcium ion concentration,4/124,218/28564,0.015204415246363776,0.20265154919606027,0.18037354698721222,12062/381853/574402/19229,4
GO:0010959,regulation of metal ion transport,6/124,460/28564,0.015360137001401515,0.2032435519170954,0.18090046933763496,23796/13491/118454/69563/18823/19229,6
GO:2000249,regulation of actin cytoskeleton reorganization,2/124,44/28564,0.015701323776133282,0.20626343320301707,0.18358836736349707,18205/19229,2
GO:0032602,chemokine production,3/124,121/28564,0.015862657651635404,0.20689437765633034,0.18414995048214336,11815/81600/12655,3
GO:0071825,protein-lipid complex subunit organization,2/124,45/28564,0.016385486946531566,0.2121978664139478,0.18887041317987863,11812/18784,2
GO:0003341,cilium movement,4/124,224/28564,0.016631195681067076,0.2138631219269611,0.1903526029026506,12290/70897/59030/74469,4
GO:0030279,negative regulation of ossification,2/124,46/28564,0.01708220601559003,0.21812663066061114,0.19414741323570855,19229/74499,2
GO:0002040,sprouting angiogenesis,3/124,128/28564,0.018399275568869305,0.22996212262148172,0.20468179934718844,23796/14181/19229,3
GO:0043949,regulation of cAMP-mediated signaling,2/124,48/28564,0.01851283243447854,0.22996212262148172,0.20468179934718844,23796/381853,2
GO:0048010,vascular endothelial growth factor receptor signaling pathway,2/124,48/28564,0.01851283243447854,0.22996212262148172,0.20468179934718844,16840/19229,2
GO:0090317,negative regulation of intracellular protein transport,2/124,48/28564,0.01851283243447854,0.22996212262148172,0.20468179934718844,11815/17472,2
GO:0050920,regulation of chemotaxis,4/124,232/28564,0.018660308510439927,0.23022786040583318,0.2049183238984299,12182/18205/19229/73710,4
GO:0007215,glutamate receptor signaling pathway,2/124,49/28564,0.019246502049350616,0.2338123178690485,0.2081087328009517,18823/19229,2
GO:0007339,binding of sperm to zona pellucida,2/124,49/28564,0.019246502049350616,0.2338123178690485,0.2081087328009517,11434/12659,2
GO:0046651,lymphocyte proliferation,5/124,354/28564,0.019334972616772358,0.2338123178690485,0.2081087328009517,12182/60533/50723/16161/18784,5
GO:0048259,regulation of receptor-mediated endocytosis,3/124,131/28564,0.019551356791341092,0.23487353619071602,0.20905328868303774,11812/13491/18205,3
GO:0010927,cellular component assembly involved in morphogenesis,3/124,132/28564,0.019944066535816627,0.23552162777626462,0.20963013390589297,17136/230822/22239,3
GO:0043406,positive regulation of MAP kinase activity,3/124,132/28564,0.019944066535816627,0.23552162777626462,0.20963013390589297,13491/18205/19229,3
GO:0045429,positive regulation of nitric oxide biosynthetic process,2/124,50/28564,0.019992252083965507,0.23552162777626462,0.20963013390589297,109900/19229,2
GO:0006644,phospholipid metabolic process,5/124,360/28564,0.02061838548856211,0.23980364268862683,0.2134414159861877,11812/211429/232889/329502/18784,5
GO:0032943,mononuclear cell proliferation,5/124,360/28564,0.02061838548856211,0.23980364268862683,0.2134414159861877,12182/60533/50723/16161/18784,5
GO:0046640,regulation of alpha-beta T cell proliferation,2/124,51/28564,0.02074996562327906,0.23980656473485798,0.2134440168044162,60533/16161,2
GO:0032956,regulation of actin cytoskeleton organization,5/124,362/28564,0.021058286103805092,0.24183918506634025,0.2152531859932146,12182/69550/59030/18205/19229,5
GO:1904407,positive regulation of nitric oxide metabolic process,2/124,52/28564,0.02151952652520249,0.24450022548525055,0.21762169144476098,109900/19229,2
GO:0046467,membrane lipid biosynthetic process,3/124,136/28564,0.02155836676922816,0.24450022548525055,0.21762169144476098,230379/53897/22239,3
GO:0042098,T cell proliferation,4/124,243/28564,0.02169169579880098,0.24450022548525055,0.21762169144476098,60533/50723/16161/18784,4
GO:0046942,carboxylic acid transport,5/124,367/28564,0.022184776042111855,0.24679573487244125,0.21966484962417093,12062/13491/12140/18784/11989,5
GO:0006687,glycosphingolipid metabolic process,2/124,53/28564,0.02230081941618445,0.24679573487244125,0.21966484962417093,53897/22239,2
GO:0031103,axon regeneration,2/124,53/28564,0.02230081941618445,0.24679573487244125,0.21966484962417093,17136/21923,2
GO:0015849,organic acid transport,5/124,369/28564,0.022646141781667566,0.24720308380797135,0.22002741765118336,12062/13491/12140/18784/11989,5
GO:0031589,cell-substrate adhesion,5/124,369/28564,0.022646141781667566,0.24720308380797135,0.22002741765118336,230379/11815/12182/18073/19229,5
GO:0014013,regulation of gliogenesis,3/124,139/28564,0.022814754342613285,0.24720308380797135,0.22002741765118336,118454/17136/18205,3
GO:0051346,negative regulation of hydrolase activity,5/124,370/28564,0.022879146310814433,0.24720308380797135,0.22002741765118336,11812/16426/59030/18788/278507,5
GO:0030100,regulation of endocytosis,4/124,248/28564,0.023163563291836258,0.24880392100525298,0.22145227072814358,11812/13491/18205/50765,4
GO:0050727,regulation of inflammatory response,5/124,377/28564,0.024553827613813063,0.2578723916790524,0.2295238212673413,12182/574402/18784/21923/58203,5
GO:0001662,behavioral fear response,2/124,56/28564,0.02471394772389604,0.2578723916790524,0.2295238212673413,12290/13491,2
GO:0045687,positive regulation of glial cell differentiation,2/124,56/28564,0.02471394772389604,0.2578723916790524,0.2295238212673413,17136/18205,2
GO:0046633,alpha-beta T cell proliferation,2/124,56/28564,0.02471394772389604,0.2578723916790524,0.2295238212673413,60533/16161,2
GO:1903170,negative regulation of calcium ion transmembrane transport,2/124,56/28564,0.02471394772389604,0.2578723916790524,0.2295238212673413,13491/69563,2
GO:0002209,behavioral defense response,2/124,57/28564,0.02554103005300868,0.2634910783999653,0.23452483141151,12290/13491,2
GO:0006826,iron ion transport,2/124,57/28564,0.02554103005300868,0.2634910783999653,0.23452483141151,71775/50765,2
GO:0006887,exocytosis,5/124,382/28564,0.02579721464426673,0.26463884236197216,0.23554641875072638,12290/228993/54524/269589/434246,5
GO:0006665,sphingolipid metabolic process,3/124,147/28564,0.02635644576772778,0.2676031290671477,0.23818483385004682,230379/53897/22239,3
GO:0001895,retina homeostasis,2/124,58/28564,0.026379278878470205,0.2676031290671477,0.23818483385004682,114230/59030,2
GO:0050832,defense response to fungus,2/124,59/28564,0.02722858334646786,0.2731834790695072,0.24315172172901314,18784/58203,2
GO:1901607,alpha-amino acid biosynthetic process,2/124,59/28564,0.02722858334646786,0.2731834790695072,0.24315172172901314,109900/71275,2
GO:0051928,positive regulation of calcium ion transport,3/124,150/28564,0.02775622714161402,0.27567217189300625,0.24536682619634614,23796/118454/18823,3
GO:0031646,positive regulation of nervous system process,2/124,60/28564,0.028088833341444776,0.27567217189300625,0.24536682619634614,17136/230822,2
GO:0035036,sperm-egg recognition,2/124,60/28564,0.028088833341444776,0.27567217189300625,0.24536682619634614,11434/12659,2
GO:0045744,negative regulation of G protein-coupled receptor signaling pathway,2/124,60/28564,0.028088833341444776,0.27567217189300625,0.24536682619634614,23796/381853,2
GO:0051224,negative regulation of protein transport,3/124,151/28564,0.02823148748301871,0.27567217189300625,0.24536682619634614,11815/13491/17472,3
GO:0070661,leukocyte proliferation,5/124,396/28564,0.029491346725307975,0.2848760796761549,0.2535589248976672,12182/60533/50723/16161/18784,5
GO:0001936,regulation of endothelial cell proliferation,3/124,154/28564,0.02968322401514048,0.2848760796761549,0.2535589248976672,23796/16840/14181,3
GO:0010812,negative regulation of cell-substrate adhesion,2/124,62/28564,0.02984173311600184,0.2848760796761549,0.2535589248976672,230379/11815,2
GO:0042596,fear response,2/124,62/28564,0.02984173311600184,0.2848760796761549,0.2535589248976672,12290/13491,2
GO:1904950,negative regulation of establishment of protein localization,3/124,155/28564,0.030175775961874755,0.2848760796761549,0.2535589248976672,11815/13491/17472,3
GO:0099003,vesicle-mediated transport in synapse,4/124,271/28564,0.030707070141346854,0.2848760796761549,0.2535589248976672,12290/13491/20528/54524,4
GO:0006584,catecholamine metabolic process,2/124,63/28564,0.03073416631774508,0.2848760796761549,0.2535589248976672,13491/20887,2
GO:0009712,catechol-containing compound metabolic process,2/124,63/28564,0.03073416631774508,0.2848760796761549,0.2535589248976672,13491/20887,2
GO:0031102,neuron projection regeneration,2/124,63/28564,0.03073416631774508,0.2848760796761549,0.2535589248976672,17136/21923,2
GO:0098815,modulation of excitatory postsynaptic potential,2/124,63/28564,0.03073416631774508,0.2848760796761549,0.2535589248976672,13491/19229,2
GO:0043271,negative regulation of monoatomic ion transport,3/124,157/28564,0.03117381539656556,0.28591614267518006,0.25448465111574226,13491/69563/19229,3
GO:0006898,receptor-mediated endocytosis,4/124,273/28564,0.03142380951493888,0.28591614267518006,0.25448465111574226,11812/13491/18205/50765,4
GO:0031641,regulation of myelination,2/124,64/28564,0.03163711188243563,0.28591614267518006,0.25448465111574226,17136/230822,2
GO:0046173,polyol biosynthetic process,2/124,64/28564,0.03163711188243563,0.28591614267518006,0.25448465111574226,230379/19229,2
GO:0030317,flagellated sperm motility,3/124,158/28564,0.03167929406466587,0.28591614267518006,0.25448465111574226,12290/70897/74469,3
GO:0043270,positive regulation of monoatomic ion transport,4/124,274/28564,0.03178585813968322,0.28591614267518006,0.25448465111574226,23796/13491/118454/18823,4
GO:0071470,cellular response to osmotic stress,2/124,65/28564,0.03255046332271766,0.2891916399091302,0.2574000645758328,12062/20528,2
GO:2000401,regulation of lymphocyte migration,2/124,65/28564,0.03255046332271766,0.2891916399091302,0.2574000645758328,11815/19229,2
GO:1901136,carbohydrate derivative catabolic process,3/124,160/28564,0.032703145613090095,0.2891916399091302,0.2574000645758328,81600/12655/12659,3
GO:0031099,regeneration,3/124,161/28564,0.03322150837307591,0.2891916399091302,0.2574000645758328,319903/17136/21923,3
GO:0001894,tissue homeostasis,4/124,278/28564,0.03325862233347062,0.2891916399091302,0.2574000645758328,114230/12062/59030/19229,4
GO:0034764,positive regulation of transmembrane transport,4/124,278/28564,0.03325862233347062,0.2891916399091302,0.2574000645758328,23796/13491/118454/18823,4
GO:0060249,anatomical structure homeostasis,4/124,278/28564,0.03325862233347062,0.2891916399091302,0.2574000645758328,114230/12062/59030/19229,4
GO:0045776,negative regulation of blood pressure,2/124,66/28564,0.03347411486441511,0.28968594190721325,0.2578400266932249,12062/59030,2
GO:0007613,memory,3/124,162/28564,0.03374415535806868,0.2897909114579959,0.257933456673284,13491/18205/20528,3
GO:0032970,regulation of actin filament-based process,5/124,411/28564,0.03380364958409262,0.2897909114579959,0.257933456673284,12182/69550/59030/18205/19229,5
GO:0008652,amino acid biosynthetic process,2/124,67/28564,0.03440796144242902,0.2935931663265205,0.2613177199562735,109900/71275,2
GO:0002824,positive regulation of adaptive immune response based on somatic recombination of immune receptors built from immunoglobulin superfamily domains,3/124,164/28564,0.03480227946148342,0.295576568821715,0.26308308195118923,60533/15015/16161,3
GO:0097722,sperm motility,3/124,165/28564,0.035337744799381905,0.29611269275273355,0.2635602684096505,12290/70897/74469,3
GO:0009247,glycolipid biosynthetic process,2/124,68/28564,0.03535189869665713,0.29611269275273355,0.2635602684096505,53897/22239,2
GO:0097006,regulation of plasma lipoprotein particle levels,2/124,68/28564,0.03535189869665713,0.29611269275273355,0.2635602684096505,11812/18784,2
GO:0019933,cAMP-mediated signaling,2/124,69/28564,0.036305822967934644,0.3022980440792407,0.26906564827252416,23796/381853,2
GO:0008037,cell recognition,3/124,167/28564,0.03642145109388442,0.3022980440792407,0.26906564827252416,11434/12659/18784,3
GO:0007338,single fertilization,3/124,168/28564,0.03696967907868024,0.30279817937700876,0.2695108024200735,11434/12659/54524,3
GO:0046427,positive regulation of receptor signaling pathway via JAK-STAT,2/124,70/28564,0.03726963129399706,0.30279817937700876,0.2695108024200735,16161/19229,2
GO:0046513,ceramide biosynthetic process,2/124,70/28564,0.03726963129399706,0.30279817937700876,0.2695108024200735,53897/22239,2
GO:0001935,endothelial cell proliferation,3/124,171/28564,0.03863978051421964,0.30279817937700876,0.2695108024200735,23796/16840/14181,3
GO:0002821,positive regulation of adaptive immune response,3/124,172/28564,0.03920492964627624,0.30279817937700876,0.2695108024200735,60533/15015/16161,3
GO:0009620,response to fungus,2/124,72/28564,0.03922649172184312,0.30279817937700876,0.2695108024200735,18784/58203,2
GO:0019221,cytokine-mediated signaling pathway,5/124,429/28564,0.039472555467516136,0.30279817937700876,0.2695108024200735,60440/16161/59030/19229/58203,5
GO:0045428,regulation of nitric oxide biosynthetic process,2/124,73/28564,0.040219341347559216,0.30279817937700876,0.2695108024200735,109900/19229,2
GO:0007292,female gamete generation,3/124,174/28564,0.04034785604640666,0.30279817937700876,0.2695108024200735,244551/19229/21973,3
GO:0048662,negative regulation of smooth muscle cell proliferation,2/124,74/28564,0.04122167006799906,0.30279817937700876,0.2695108024200735,11815/13491,2
GO:0048678,response to axon injury,2/124,74/28564,0.04122167006799906,0.30279817937700876,0.2695108024200735,17136/21923,2
GO:0051926,negative regulation of calcium ion transport,2/124,74/28564,0.04122167006799906,0.30279817937700876,0.2695108024200735,13491/69563,2
GO:0006900,vesicle budding from membrane,2/124,75/28564,0.0422333783455809,0.30279817937700876,0.2695108024200735,20528/434246,2
GO:0007422,peripheral nervous system development,2/124,75/28564,0.0422333783455809,0.30279817937700876,0.2695108024200735,230822/18205,2
GO:1904894,positive regulation of receptor signaling pathway via STAT,2/124,75/28564,0.0422333783455809,0.30279817937700876,0.2695108024200735,16161/19229,2
GO:2000179,positive regulation of neural precursor cell proliferation,2/124,75/28564,0.0422333783455809,0.30279817937700876,0.2695108024200735,118454/78748,2
GO:0002315,marginal zone B cell differentiation,1/124,10/28564,0.04257956493647752,0.30279817937700876,0.2695108024200735,19229,1
GO:0006560,proline metabolic process,1/124,10/28564,0.04257956493647752,0.30279817937700876,0.2695108024200735,71275,1
GO:0015866,ADP transport,1/124,10/28564,0.04257956493647752,0.30279817937700876,0.2695108024200735,228993,1
GO:0016185,synaptic vesicle budding from presynaptic endocytic zone membrane,1/124,10/28564,0.04257956493647752,0.30279817937700876,0.2695108024200735,20528,1
GO:0032836,glomerular basement membrane development,1/124,10/28564,0.04257956493647752,0.30279817937700876,0.2695108024200735,18073,1
GO:0033572,transferrin transport,1/124,10/28564,0.04257956493647752,0.30279817937700876,0.2695108024200735,50765,1
GO:0051142,positive regulation of NK T cell proliferation,1/124,10/28564,0.04257956493647752,0.30279817937700876,0.2695108024200735,16161,1
GO:0060638,mesenchymal-epithelial cell signaling,1/124,10/28564,0.04257956493647752,0.30279817937700876,0.2695108024200735,21923,1
GO:0098789,pre-mRNA cleavage required for polyadenylation,1/124,10/28564,0.04257956493647752,0.30279817937700876,0.2695108024200735,52670,1
GO:0150172,regulation of phosphatidylcholine metabolic process,1/124,10/28564,0.04257956493647752,0.30279817937700876,0.2695108024200735,11812,1
GO:1903596,regulation of gap junction assembly,1/124,10/28564,0.04257956493647752,0.30279817937700876,0.2695108024200735,23796,1
GO:1990264,peptidyl-tyrosine dephosphorylation involved in inactivation of protein kinase activity,1/124,10/28564,0.04257956493647752,0.30279817937700876,0.2695108024200735,545902,1
GO:0019722,calcium-mediated signaling,3/124,179/28564,0.0432784645036877,0.30279817937700876,0.2695108024200735,12182/13491/19229,3
GO:0035296,regulation of tube diameter,3/124,179/28564,0.0432784645036877,0.30279817937700876,0.2695108024200735,12062/227231/59030,3
GO:0097746,blood vessel diameter maintenance,3/124,179/28564,0.0432784645036877,0.30279817937700876,0.2695108024200735,12062/227231/59030,3
GO:0035150,regulation of tube size,3/124,180/28564,0.043877083793133737,0.30279817937700876,0.2695108024200735,12062/227231/59030,3
GO:0045765,regulation of angiogenesis,4/124,305/28564,0.04423340213637875,0.30279817937700876,0.2695108024200735,23796/16840/23876/19229,4
GO:0051607,defense response to virus,4/124,305/28564,0.04423340213637875,0.30279817937700876,0.2695108024200735,69550/17472/16161/58203,4
GO:0050805,negative regulation of synaptic transmission,2/124,77/28564,0.04428453878355673,0.30279817937700876,0.2695108024200735,13491/19229,2
GO:0080164,regulation of nitric oxide metabolic process,2/124,77/28564,0.04428453878355673,0.30279817937700876,0.2695108024200735,109900/19229,2
GO:0140546,defense response to symbiont,4/124,306/28564,0.044674540102372616,0.30279817937700876,0.2695108024200735,69550/17472/16161/58203,4
GO:0002437,inflammatory response to antigenic stimulus,2/124,78/28564,0.04532379521885112,0.30279817937700876,0.2695108024200735,12062/574402,2
GO:0007568,aging,2/124,78/28564,0.04532379521885112,0.30279817937700876,0.2695108024200735,11815/76933,2
GO:1901342,regulation of vasculature development,4/124,309/28564,0.04601280664502651,0.30279817937700876,0.2695108024200735,23796/16840/23876/19229,4
GO:0042306,regulation of protein import into nucleus,2/124,79/28564,0.04637203975337015,0.30279817937700876,0.2695108024200735,11815/17472,2
GO:0002645,positive regulation of tolerance induction,1/124,11/28564,0.0467373058466084,0.30279817937700876,0.2695108024200735,60533,1
GO:0006266,DNA ligation,1/124,11/28564,0.0467373058466084,0.30279817937700876,0.2695108024200735,21973,1
GO:0006591,ornithine metabolic process,1/124,11/28564,0.0467373058466084,0.30279817937700876,0.2695108024200735,109900,1
GO:0033210,leptin-mediated signaling pathway,1/124,11/28564,0.0467373058466084,0.30279817937700876,0.2695108024200735,59030,1
GO:0033212,iron import into cell,1/124,11/28564,0.0467373058466084,0.30279817937700876,0.2695108024200735,50765,1
GO:0033629,negative regulation of cell adhesion mediated by integrin,1/124,11/28564,0.0467373058466084,0.30279817937700876,0.2695108024200735,230379,1
GO:0038180,nerve growth factor signaling pathway,1/124,11/28564,0.0467373058466084,0.30279817937700876,0.2695108024200735,18205,1
GO:0048251,elastic fiber assembly,1/124,11/28564,0.0467373058466084,0.30279817937700876,0.2695108024200735,23876,1
GO:0051140,regulation of NK T cell proliferation,1/124,11/28564,0.0467373058466084,0.30279817937700876,0.2695108024200735,16161,1
GO:0051307,meiotic chromosome separation,1/124,11/28564,0.0467373058466084,0.30279817937700876,0.2695108024200735,21973,1
GO:0060405,regulation of penile erection,1/124,11/28564,0.0467373058466084,0.30279817937700876,0.2695108024200735,13491,1
GO:0086100,endothelin receptor signaling pathway,1/124,11/28564,0.0467373058466084,0.30279817937700876,0.2695108024200735,19229,1
GO:0098787,mRNA cleavage involved in mRNA processing,1/124,11/28564,0.0467373058466084,0.30279817937700876,0.2695108024200735,52670,1
GO:0099612,protein localization to axon,1/124,11/28564,0.0467373058466084,0.30279817937700876,0.2695108024200735,22239,1
GO:0110011,regulation of basement membrane organization,1/124,11/28564,0.0467373058466084,0.30279817937700876,0.2695108024200735,18073,1
GO:0071674,mononuclear cell migration,3/124,185/28564,0.046932179094367144,0.30279817937700876,0.2695108024200735,11815/19229/245195,3
GO:0009988,cell-cell recognition,2/124,80/28564,0.04742917617644145,0.30279817937700876,0.2695108024200735,11434/12659,2
GO:0042130,negative regulation of T cell proliferation,2/124,81/28564,0.0484951089312689,0.30279817937700876,0.2695108024200735,60533/18784,2
GO:0050688,regulation of defense response to virus,2/124,82/28564,0.04956974311114488,0.30279817937700876,0.2695108024200735,17472/16161,2
GO:0051145,smooth muscle cell differentiation,2/124,82/28564,0.04956974311114488,0.30279817937700876,0.2695108024200735,23796/18205,2
GO:0051279,regulation of release of sequestered calcium ion into cytosol,2/124,82/28564,0.04956974311114488,0.30279817937700876,0.2695108024200735,23796/19229,2
GO:0050769,positive regulation of neurogenesis,4/124,318/28564,0.05016110087671388,0.30279817937700876,0.2695108024200735,118454/17136/18205/78748,4
GO:0042692,muscle cell differentiation,5/124,460/28564,0.05052462288379187,0.30279817937700876,0.2695108024200735,23796/18073/18205/434246/278507,5
GO:0002090,regulation of receptor internalization,2/124,83/28564,0.05065298445568263,0.30279817937700876,0.2695108024200735,13491/18205,2
GO:0032722,positive regulation of chemokine production,2/124,83/28564,0.05065298445568263,0.30279817937700876,0.2695108024200735,81600/12655,2
GO:0000302,response to reactive oxygen species,3/124,191/28564,0.050733428441383406,0.30279817937700876,0.2695108024200735,11815/23876/19229,3
GO:0006643,membrane lipid metabolic process,3/124,191/28564,0.050733428441383406,0.30279817937700876,0.2695108024200735,230379/53897/22239,3
GO:0010985,negative regulation of lipoprotein particle clearance,1/124,12/28564,0.050877136129767186,0.30279817937700876,0.2695108024200735,11812,1
GO:0014824,artery smooth muscle contraction,1/124,12/28564,0.050877136129767186,0.30279817937700876,0.2695108024200735,59030,1
GO:0030948,negative regulation of vascular endothelial growth factor receptor signaling pathway,1/124,12/28564,0.050877136129767186,0.30279817937700876,0.2695108024200735,16840,1
GO:0032819,positive regulation of natural killer cell proliferation,1/124,12/28564,0.050877136129767186,0.30279817937700876,0.2695108024200735,16161,1
GO:0032959,inositol trisphosphate biosynthetic process,1/124,12/28564,0.050877136129767186,0.30279817937700876,0.2695108024200735,19229,1
GO:0036151,phosphatidylcholine acyl-chain remodeling,1/124,12/28564,0.050877136129767186,0.30279817937700876,0.2695108024200735,232889,1
GO:0070142,synaptic vesicle budding,1/124,12/28564,0.050877136129767186,0.30279817937700876,0.2695108024200735,20528,1
GO:0070444,oligodendrocyte progenitor proliferation,1/124,12/28564,0.050877136129767186,0.30279817937700876,0.2695108024200735,118454,1
GO:0070445,regulation of oligodendrocyte progenitor proliferation,1/124,12/28564,0.050877136129767186,0.30279817937700876,0.2695108024200735,118454,1
GO:0071281,cellular response to iron ion,1/124,12/28564,0.050877136129767186,0.30279817937700876,0.2695108024200735,50765,1
GO:0090385,phagosome-lysosome fusion,1/124,12/28564,0.050877136129767186,0.30279817937700876,0.2695108024200735,18784,1
GO:0098664,G protein-coupled serotonin receptor signaling pathway,1/124,12/28564,0.050877136129767186,0.30279817937700876,0.2695108024200735,13491,1
GO:0099011,neuronal dense core vesicle exocytosis,1/124,12/28564,0.050877136129767186,0.30279817937700876,0.2695108024200735,54524,1
GO:0106049,regulation of cellular response to osmotic stress,1/124,12/28564,0.050877136129767186,0.30279817937700876,0.2695108024200735,12062,1
GO:1903028,positive regulation of opsonization,1/124,12/28564,0.050877136129767186,0.30279817937700876,0.2695108024200735,18784,1
GO:2000402,negative regulation of lymphocyte migration,1/124,12/28564,0.050877136129767186,0.30279817937700876,0.2695108024200735,11815,1
GO:2000562,"negative regulation of CD4-positive, alpha-beta T cell proliferation",1/124,12/28564,0.050877136129767186,0.30279817937700876,0.2695108024200735,60533,1
GO:0010563,negative regulation of phosphorus metabolic process,5/124,461/28564,0.05090856575506116,0.30279817937700876,0.2695108024200735,11812/12062/17472/18205/545902,5
GO:0045936,negative regulation of phosphate metabolic process,5/124,461/28564,0.05090856575506116,0.30279817937700876,0.2695108024200735,11812/12062/17472/18205/545902,5
GO:0090287,regulation of cellular response to growth factor stimulus,4/124,320/28564,0.051110084962241203,0.3030097894190014,0.26969914962987157,16840/14181/74499/278507,4
GO:0097553,calcium ion transmembrane import into cytosol,3/124,193/28564,0.052032921827261706,0.30399680429402537,0.2705776594396583,23796/12290/19229,3
GO:0001558,regulation of cell growth,5/124,464/28564,0.052070718847972416,0.30399680429402537,0.2705776594396583,69550/12696/17136/19229/21923,5
GO:0032413,negative regulation of ion transmembrane transporter activity,2/124,85/28564,0.05284491480633619,0.30399680429402537,0.2705776594396583,13491/69563,2
GO:0060191,regulation of lipase activity,2/124,85/28564,0.05284491480633619,0.30399680429402537,0.2705776594396583,11812/18784,2
GO:1901605,alpha-amino acid metabolic process,3/124,195/28564,0.05334847868810908,0.30399680429402537,0.2705776594396583,109900/227231/71275,3
GO:0006809,nitric oxide biosynthetic process,2/124,86/28564,0.05395341848965487,0.30399680429402537,0.2705776594396583,109900/19229,2
GO:0007611,learning or memory,4/124,326/28564,0.05401606950298079,0.30399680429402537,0.2705776594396583,12290/13491/18205/20528,4
GO:0018108,peptidyl-tyrosine phosphorylation,4/124,326/28564,0.05401606950298079,0.30399680429402537,0.2705776594396583,12182/16161/18205/19229,4
GO:0006379,mRNA cleavage,1/124,13/28564,0.05499913231637055,0.30399680429402537,0.2705776594396583,52670,1
GO:0007341,penetration of zona pellucida,1/124,13/28564,0.05499913231637055,0.30399680429402537,0.2705776594396583,11434,1
GO:0010642,negative regulation of platelet-derived growth factor receptor signaling pathway,1/124,13/28564,0.05499913231637055,0.30399680429402537,0.2705776594396583,11815,1
GO:0019370,leukotriene biosynthetic process,1/124,13/28564,0.05499913231637055,0.30399680429402537,0.2705776594396583,18784,1
GO:0034374,low-density lipoprotein particle remodeling,1/124,13/28564,0.05499913231637055,0.30399680429402537,0.2705776594396583,18784,1
GO:0048484,enteric nervous system development,1/124,13/28564,0.05499913231637055,0.30399680429402537,0.2705776594396583,18205,1
GO:0051135,positive regulation of NK T cell activation,1/124,13/28564,0.05499913231637055,0.30399680429402537,0.2705776594396583,16161,1
GO:0060049,regulation of protein glycosylation,1/124,13/28564,0.05499913231637055,0.30399680429402537,0.2705776594396583,230379,1
GO:0098532,histone H3-K27 trimethylation,1/124,13/28564,0.05499913231637055,0.30399680429402537,0.2705776594396583,50709,1
GO:0140042,lipid droplet formation,1/124,13/28564,0.05499913231637055,0.30399680429402537,0.2705776594396583,232889,1
GO:1901894,regulation of ATPase-coupled calcium transmembrane transporter activity,1/124,13/28564,0.05499913231637055,0.30399680429402537,0.2705776594396583,69563,1
GO:1902667,regulation of axon guidance,1/124,13/28564,0.05499913231637055,0.30399680429402537,0.2705776594396583,73710,1
GO:1903826,L-arginine transmembrane transport,1/124,13/28564,0.05499913231637055,0.30399680429402537,0.2705776594396583,11989,1
GO:0018212,peptidyl-tyrosine modification,4/124,328/28564,0.05500436404023066,0.30399680429402537,0.2705776594396583,12182/16161/18205/19229,4
GO:0043524,negative regulation of neuron apoptotic process,3/124,199/28564,0.056027427699143977,0.30399680429402537,0.2705776594396583,17136/18205/19229,3
GO:0030500,regulation of bone mineralization,2/124,88/28564,0.0561950443067097,0.30399680429402537,0.2705776594396583,27047/19229,2
GO:0048041,focal adhesion assembly,2/124,88/28564,0.0561950443067097,0.30399680429402537,0.2705776594396583,11815/19229,2
GO:0043405,regulation of MAP kinase activity,3/124,202/28564,0.05807813461040779,0.30399680429402537,0.2705776594396583,13491/18205/19229,3
GO:0001866,NK T cell proliferation,1/124,14/28564,0.05910337061249926,0.30399680429402537,0.2705776594396583,16161,1
GO:0001886,endothelial cell morphogenesis,1/124,14/28564,0.05910337061249926,0.30399680429402537,0.2705776594396583,16840,1
GO:0006206,pyrimidine nucleobase metabolic process,1/124,14/28564,0.05910337061249926,0.30399680429402537,0.2705776594396583,227231,1
GO:0014820,tonic smooth muscle contraction,1/124,14/28564,0.05910337061249926,0.30399680429402537,0.2705776594396583,59030,1
GO:0018342,protein prenylation,1/124,14/28564,0.05910337061249926,0.30399680429402537,0.2705776594396583,114230,1
GO:0032099,negative regulation of appetite,1/124,14/28564,0.05910337061249926,0.30399680429402537,0.2705776594396583,59030,1
GO:0032817,regulation of natural killer cell proliferation,1/124,14/28564,0.05910337061249926,0.30399680429402537,0.2705776594396583,16161,1
GO:0045091,regulation of single stranded viral RNA replication via double stranded DNA intermediate,1/124,14/28564,0.05910337061249926,0.30399680429402537,0.2705776594396583,21973,1
GO:0046512,sphingosine biosynthetic process,1/124,14/28564,0.05910337061249926,0.30399680429402537,0.2705776594396583,230379,1
GO:0046520,sphingoid biosynthetic process,1/124,14/28564,0.05910337061249926,0.30399680429402537,0.2705776594396583,230379,1
GO:0050667,homocysteine metabolic process,1/124,14/28564,0.05910337061249926,0.30399680429402537,0.2705776594396583,227231,1
GO:0097354,prenylation,1/124,14/28564,0.05910337061249926,0.30399680429402537,0.2705776594396583,114230,1
GO:1901679,nucleotide transmembrane transport,1/124,14/28564,0.05910337061249926,0.30399680429402537,0.2705776594396583,228993,1
GO:1903027,regulation of opsonization,1/124,14/28564,0.05910337061249926,0.30399680429402537,0.2705776594396583,18784,1
GO:1904753,negative regulation of vascular associated smooth muscle cell migration,1/124,14/28564,0.05910337061249926,0.30399680429402537,0.2705776594396583,13491,1
GO:1990822,basic amino acid transmembrane transport,1/124,14/28564,0.05910337061249926,0.30399680429402537,0.2705776594396583,11989,1
GO:0032386,regulation of intracellular transport,4/124,338/28564,0.06009237088183457,0.30399680429402537,0.2705776594396583,11815/17472/69563/329502,4
GO:0002831,regulation of response to biotic stimulus,5/124,485/28564,0.060639668415167776,0.30399680429402537,0.2705776594396583,60533/17472/16161/18784/58203,5
GO:0071902,positive regulation of protein serine/threonine kinase activity,3/124,206/28564,0.060867129018356024,0.30399680429402537,0.2705776594396583,13491/18205/19229,3
GO:0032526,response to retinoic acid,2/124,93/28564,0.06193850934879032,0.30399680429402537,0.2705776594396583,230379/19229,2
GO:0048708,astrocyte differentiation,2/124,93/28564,0.06193850934879032,0.30399680429402537,0.2705776594396583,17136/18823,2
GO:0051251,positive regulation of lymphocyte activation,4/124,342/28564,0.06219560953468847,0.30399680429402537,0.2705776594396583,12182/60533/50723/16161,4
GO:0030308,negative regulation of cell growth,3/124,208/28564,0.06228485684401299,0.30399680429402537,0.2705776594396583,69550/12696/17136,3
GO:0006664,glycolipid metabolic process,2/124,94/28564,0.06311038945519196,0.30399680429402537,0.2705776594396583,53897/22239,2
GO:0032410,negative regulation of transporter activity,2/124,94/28564,0.06311038945519196,0.30399680429402537,0.2705776594396583,13491/69563,2
GO:0008272,sulfate transport,1/124,15/28564,0.06318992690125724,0.30399680429402537,0.2705776594396583,55961,1
GO:0010744,positive regulation of macrophage derived foam cell differentiation,1/124,15/28564,0.06318992690125724,0.30399680429402537,0.2705776594396583,18784,1
GO:0032096,negative regulation of response to food,1/124,15/28564,0.06318992690125724,0.30399680429402537,0.2705776594396583,59030,1
GO:0032105,negative regulation of response to extracellular stimulus,1/124,15/28564,0.06318992690125724,0.30399680429402537,0.2705776594396583,59030,1
GO:0032108,negative regulation of response to nutrient levels,1/124,15/28564,0.06318992690125724,0.30399680429402537,0.2705776594396583,59030,1
GO:0032372,negative regulation of sterol transport,1/124,15/28564,0.06318992690125724,0.30399680429402537,0.2705776594396583,11812,1
GO:0032375,negative regulation of cholesterol transport,1/124,15/28564,0.06318992690125724,0.30399680429402537,0.2705776594396583,11812,1
GO:0033690,positive regulation of osteoblast proliferation,1/124,15/28564,0.06318992690125724,0.30399680429402537,0.2705776594396583,23876,1
GO:0039692,single stranded viral RNA replication via double stranded DNA intermediate,1/124,15/28564,0.06318992690125724,0.30399680429402537,0.2705776594396583,21973,1
GO:0042976,activation of Janus kinase activity,1/124,15/28564,0.06318992690125724,0.30399680429402537,0.2705776594396583,19229,1
GO:0046794,transport of virus,1/124,15/28564,0.06318992690125724,0.30399680429402537,0.2705776594396583,69550,1
GO:0048711,positive regulation of astrocyte differentiation,1/124,15/28564,0.06318992690125724,0.30399680429402537,0.2705776594396583,17136,1
GO:0050930,induction of positive chemotaxis,1/124,15/28564,0.06318992690125724,0.30399680429402537,0.2705776594396583,18205,1
GO:0051133,regulation of NK T cell activation,1/124,15/28564,0.06318992690125724,0.30399680429402537,0.2705776594396583,16161,1
GO:0070307,lens fiber cell development,1/124,15/28564,0.06318992690125724,0.30399680429402537,0.2705776594396583,107993,1
GO:0099151,regulation of postsynaptic density assembly,1/124,15/28564,0.06318992690125724,0.30399680429402537,0.2705776594396583,19229,1
GO:1900153,"positive regulation of nuclear-transcribed mRNA catabolic process, deadenylation-dependent decay",1/124,15/28564,0.06318992690125724,0.30399680429402537,0.2705776594396583,244551,1
GO:1990504,dense core granule exocytosis,1/124,15/28564,0.06318992690125724,0.30399680429402537,0.2705776594396583,54524,1
GO:2001046,positive regulation of integrin-mediated signaling pathway,1/124,15/28564,0.06318992690125724,0.30399680429402537,0.2705776594396583,18073,1
GO:0060079,excitatory postsynaptic potential,2/124,95/28564,0.06428979467029848,0.30399680429402537,0.2705776594396583,13491/19229,2
GO:1903509,liposaccharide metabolic process,2/124,95/28564,0.06428979467029848,0.30399680429402537,0.2705776594396583,53897/22239,2
GO:0061351,neural precursor cell proliferation,3/124,212/28564,0.0651662700180142,0.30399680429402537,0.2705776594396583,12140/118454/78748,3
GO:0050672,negative regulation of lymphocyte proliferation,2/124,96/28564,0.06547663880202644,0.30399680429402537,0.2705776594396583,60533/18784,2
GO:1901019,regulation of calcium ion transmembrane transporter activity,2/124,96/28564,0.06547663880202644,0.30399680429402537,0.2705776594396583,13491/69563,2
GO:0032945,negative regulation of mononuclear cell proliferation,2/124,97/28564,0.06667083625392604,0.30399680429402537,0.2705776594396583,60533/18784,2
GO:0006968,cellular defense response,1/124,16/28564,0.06725887674413267,0.30399680429402537,0.2705776594396583,19229,1
GO:0007190,activation of adenylate cyclase activity,1/124,16/28564,0.06725887674413267,0.30399680429402537,0.2705776594396583,11434,1
GO:0007210,serotonin receptor signaling pathway,1/124,16/28564,0.06725887674413267,0.30399680429402537,0.2705776594396583,13491,1
GO:0007512,adult heart development,1/124,16/28564,0.06725887674413267,0.30399680429402537,0.2705776594396583,23796,1
GO:0010752,regulation of cGMP-mediated signaling,1/124,16/28564,0.06725887674413267,0.30399680429402537,0.2705776594396583,19229,1
GO:0010832,negative regulation of myotube differentiation,1/124,16/28564,0.06725887674413267,0.30399680429402537,0.2705776594396583,434246,1
GO:0010940,positive regulation of necrotic cell death,1/124,16/28564,0.06725887674413267,0.30399680429402537,0.2705776594396583,58203,1
GO:0032048,cardiolipin metabolic process,1/124,16/28564,0.06725887674413267,0.30399680429402537,0.2705776594396583,18784,1
GO:0033700,phospholipid efflux,1/124,16/28564,0.06725887674413267,0.30399680429402537,0.2705776594396583,11812,1
GO:0034776,response to histamine,1/124,16/28564,0.06725887674413267,0.30399680429402537,0.2705776594396583,13491,1
GO:0042048,olfactory behavior,1/124,16/28564,0.06725887674413267,0.30399680429402537,0.2705776594396583,13491,1
GO:0043084,penile erection,1/124,16/28564,0.06725887674413267,0.30399680429402537,0.2705776594396583,13491,1
GO:0043951,negative regulation of cAMP-mediated signaling,1/124,16/28564,0.06725887674413267,0.30399680429402537,0.2705776594396583,23796,1
GO:0044320,cellular response to leptin stimulus,1/124,16/28564,0.06725887674413267,0.30399680429402537,0.2705776594396583,59030,1
GO:0046007,negative regulation of activated T cell proliferation,1/124,16/28564,0.06725887674413267,0.30399680429402537,0.2705776594396583,60533,1
GO:0046415,urate metabolic process,1/124,16/28564,0.06725887674413267,0.30399680429402537,0.2705776594396583,117591,1
GO:0046642,negative regulation of alpha-beta T cell proliferation,1/124,16/28564,0.06725887674413267,0.30399680429402537,0.2705776594396583,60533,1
GO:0070234,positive regulation of T cell apoptotic process,1/124,16/28564,0.06725887674413267,0.30399680429402537,0.2705776594396583,60533,1
GO:0072350,tricarboxylic acid metabolic process,1/124,16/28564,0.06725887674413267,0.30399680429402537,0.2705776594396583,109900,1
GO:0072530,purine-containing compound transmembrane transport,1/124,16/28564,0.06725887674413267,0.30399680429402537,0.2705776594396583,228993,1
GO:0002312,B cell activation involved in immune response,2/124,98/28564,0.06787230202170359,0.3056633787985085,0.2720610231538002,50723/19229,2
GO:0001933,negative regulation of protein phosphorylation,4/124,354/28564,0.06873631395039395,0.3056633787985085,0.2720610231538002,12062/17472/18205/545902,4
GO:0009566,fertilization,3/124,217/28564,0.06885313550281873,0.3056633787985085,0.2720610231538002,11434/12659/54524,3
GO:0007044,cell-substrate junction assembly,2/124,99/28564,0.06908095168976293,0.3056633787985085,0.2720610231538002,11815/19229,2
GO:0000041,transition metal ion transport,2/124,100/28564,0.0702967014277652,0.3056633787985085,0.2720610231538002,71775/50765,2
GO:0000712,resolution of meiotic recombination intermediates,1/124,17/28564,0.07131029538234646,0.3056633787985085,0.2720610231538002,21973,1
GO:0001845,phagolysosome assembly,1/124,17/28564,0.07131029538234646,0.3056633787985085,0.2720610231538002,18784,1
GO:0002730,regulation of dendritic cell cytokine production,1/124,17/28564,0.07131029538234646,0.3056633787985085,0.2720610231538002,69550,1
GO:0003334,keratinocyte development,1/124,17/28564,0.07131029538234646,0.3056633787985085,0.2720610231538002,66705,1
GO:0003356,regulation of cilium beat frequency,1/124,17/28564,0.07131029538234646,0.3056633787985085,0.2720610231538002,59030,1
GO:0015802,basic amino acid transport,1/124,17/28564,0.07131029538234646,0.3056633787985085,0.2720610231538002,11989,1
GO:0015867,ATP transport,1/124,17/28564,0.07131029538234646,0.3056633787985085,0.2720610231538002,228993,1
GO:0016264,gap junction assembly,1/124,17/28564,0.07131029538234646,0.3056633787985085,0.2720610231538002,23796,1
GO:0044406,adhesion of symbiont to host,1/124,17/28564,0.07131029538234646,0.3056633787985085,0.2720610231538002,100702,1
GO:0046112,nucleobase biosynthetic process,1/124,17/28564,0.07131029538234646,0.3056633787985085,0.2720610231538002,227231,1
GO:0051004,regulation of lipoprotein lipase activity,1/124,17/28564,0.07131029538234646,0.3056633787985085,0.2720610231538002,11812,1
GO:0051895,negative regulation of focal adhesion assembly,1/124,17/28564,0.07131029538234646,0.3056633787985085,0.2720610231538002,11815,1
GO:0071498,cellular response to fluid shear stress,1/124,17/28564,0.07131029538234646,0.3056633787985085,0.2720610231538002,19229,1
GO:0150118,negative regulation of cell-substrate junction organization,1/124,17/28564,0.07131029538234646,0.3056633787985085,0.2720610231538002,11815,1
GO:2000288,positive regulation of myoblast proliferation,1/124,17/28564,0.07131029538234646,0.3056633787985085,0.2720610231538002,14181,1
GO:2000318,positive regulation of T-helper 17 type immune response,1/124,17/28564,0.07131029538234646,0.3056633787985085,0.2720610231538002,16161,1
GO:2000651,positive regulation of sodium ion transmembrane transporter activity,1/124,17/28564,0.07131029538234646,0.3056633787985085,0.2720610231538002,13491,1
GO:0019226,transmission of nerve impulse,2/124,101/28564,0.07151946798720658,0.3057233986252853,0.272114444847778,12290/17136,2
GO:0007229,integrin-mediated signaling pathway,2/124,102/28564,0.07274916869801488,0.3057233986252853,0.272114444847778,18073/19229,2
GO:0090630,activation of GTPase activity,2/124,102/28564,0.07274916869801488,0.3057233986252853,0.272114444847778,18205/19229,2
GO:1904063,negative regulation of cation transmembrane transport,2/124,102/28564,0.07274916869801488,0.3057233986252853,0.272114444847778,13491/69563,2
GO:0045069,regulation of viral genome replication,2/124,103/28564,0.07398572146516443,0.3057233986252853,0.272114444847778,69550/21973,2
GO:0050890,cognition,4/124,364/28564,0.07444847848500125,0.3057233986252853,0.272114444847778,12290/13491/18205/20528,4
GO:0051235,maintenance of location,4/124,364/28564,0.07444847848500125,0.3057233986252853,0.272114444847778,23796/227231/232889/19229,4
GO:0046928,regulation of neurotransmitter secretion,2/124,104/28564,0.07522904476530809,0.3057233986252853,0.272114444847778,12290/13491,2
GO:0070664,negative regulation of leukocyte proliferation,2/124,104/28564,0.07522904476530809,0.3057233986252853,0.272114444847778,60533/18784,2
GO:0002371,dendritic cell cytokine production,1/124,18/28564,0.07534425773820141,0.3057233986252853,0.272114444847778,69550,1
GO:0002862,negative regulation of inflammatory response to antigenic stimulus,1/124,18/28564,0.07534425773820141,0.3057233986252853,0.272114444847778,574402,1
GO:0008228,opsonization,1/124,18/28564,0.07534425773820141,0.3057233986252853,0.272114444847778,18784,1
GO:0010919,regulation of inositol phosphate biosynthetic process,1/124,18/28564,0.07534425773820141,0.3057233986252853,0.272114444847778,19229,1
GO:0019430,removal of superoxide radicals,1/124,18/28564,0.07534425773820141,0.3057233986252853,0.272114444847778,23876,1
GO:0021781,glial cell fate commitment,1/124,18/28564,0.07534425773820141,0.3057233986252853,0.272114444847778,18205,1
GO:0030575,nuclear body organization,1/124,18/28564,0.07534425773820141,0.3057233986252853,0.272114444847778,66961,1
GO:0032957,inositol trisphosphate metabolic process,1/124,18/28564,0.07534425773820141,0.3057233986252853,0.272114444847778,19229,1
GO:0045717,negative regulation of fatty acid biosynthetic process,1/124,18/28564,0.07534425773820141,0.3057233986252853,0.272114444847778,11812,1
GO:0047484,regulation of response to osmotic stress,1/124,18/28564,0.07534425773820141,0.3057233986252853,0.272114444847778,12062,1
GO:0051131,chaperone-mediated protein complex assembly,1/124,18/28564,0.07534425773820141,0.3057233986252853,0.272114444847778,59030,1
GO:0060134,prepulse inhibition,1/124,18/28564,0.07534425773820141,0.3057233986252853,0.272114444847778,12140,1
GO:0060192,negative regulation of lipase activity,1/124,18/28564,0.07534425773820141,0.3057233986252853,0.272114444847778,11812,1
GO:0140131,positive regulation of lymphocyte chemotaxis,1/124,18/28564,0.07534425773820141,0.3057233986252853,0.272114444847778,19229,1
GO:2001185,"regulation of CD8-positive, alpha-beta T cell activation",1/124,18/28564,0.07534425773820141,0.3057233986252853,0.272114444847778,60533,1
GO:0032147,activation of protein kinase activity,2/124,105/28564,0.07647905764342869,0.3057233986252853,0.272114444847778,18205/19229,2
GO:0001938,positive regulation of endothelial cell proliferation,2/124,106/28564,0.07773567970950715,0.3057233986252853,0.272114444847778,23796/14181,2
GO:0090288,negative regulation of cellular response to growth factor stimulus,2/124,106/28564,0.07773567970950715,0.3057233986252853,0.272114444847778,16840/74499,2
GO:0150115,cell-substrate junction organization,2/124,106/28564,0.07773567970950715,0.3057233986252853,0.272114444847778,11815/19229,2
GO:0030595,leukocyte chemotaxis,3/124,230/28564,0.07886986775674701,0.3057233986252853,0.272114444847778,12182/19229/245195,3
GO:0006641,triglyceride metabolic process,2/124,107/28564,0.07899883113520927,0.3057233986252853,0.272114444847778,11812/227231,2
GO:0070167,regulation of biomineral tissue development,2/124,107/28564,0.07899883113520927,0.3057233986252853,0.272114444847778,27047/19229,2
GO:0001787,natural killer cell proliferation,1/124,19/28564,0.07936083841642128,0.3057233986252853,0.272114444847778,16161,1
GO:0002827,positive regulation of T-helper 1 type immune response,1/124,19/28564,0.07936083841642128,0.3057233986252853,0.272114444847778,16161,1
GO:0006525,arginine metabolic process,1/124,19/28564,0.07936083841642128,0.3057233986252853,0.272114444847778,109900,1
GO:0010644,cell communication by electrical coupling,1/124,19/28564,0.07936083841642128,0.3057233986252853,0.272114444847778,118454,1
GO:0021756,striatum development,1/124,19/28564,0.07936083841642128,0.3057233986252853,0.272114444847778,59030,1
GO:0030502,negative regulation of bone mineralization,1/124,19/28564,0.07936083841642128,0.3057233986252853,0.272114444847778,19229,1
GO:0035633,maintenance of blood-brain barrier,1/124,19/28564,0.07936083841642128,0.3057233986252853,0.272114444847778,12062,1
GO:0044321,response to leptin,1/124,19/28564,0.07936083841642128,0.3057233986252853,0.272114444847778,59030,1
GO:0050746,regulation of lipoprotein metabolic process,1/124,19/28564,0.07936083841642128,0.3057233986252853,0.272114444847778,11815,1
GO:0051000,positive regulation of nitric-oxide synthase activity,1/124,19/28564,0.07936083841642128,0.3057233986252853,0.272114444847778,19229,1
GO:0051132,NK T cell activation,1/124,19/28564,0.07936083841642128,0.3057233986252853,0.272114444847778,16161,1
GO:0070417,cellular response to cold,1/124,19/28564,0.07936083841642128,0.3057233986252853,0.272114444847778,12696,1
GO:0070989,oxidative demethylation,1/124,19/28564,0.07936083841642128,0.3057233986252853,0.272114444847778,13113,1
GO:0071676,negative regulation of mononuclear cell migration,1/124,19/28564,0.07936083841642128,0.3057233986252853,0.272114444847778,11815,1
GO:0080182,histone H3-K4 trimethylation,1/124,19/28564,0.07936083841642128,0.3057233986252853,0.272114444847778,50709,1
GO:1904889,regulation of excitatory synapse assembly,1/124,19/28564,0.07936083841642128,0.3057233986252853,0.272114444847778,19229,1
GO:1905874,regulation of postsynaptic density organization,1/124,19/28564,0.07936083841642128,0.3057233986252853,0.272114444847778,19229,1
GO:0002460,adaptive immune response based on somatic recombination of immune receptors built from immunoglobulin superfamily domains,4/124,373/28564,0.07978945921870513,0.3067274790175907,0.27300814411896007,60533/15015/50723/16161,4
GO:0006576,biogenic amine metabolic process,2/124,108/28564,0.08026843265059003,0.3072749644024683,0.27349544303764983,13491/20887,2
GO:0016525,negative regulation of angiogenesis,2/124,108/28564,0.08026843265059003,0.3072749644024683,0.27349544303764983,16840/23876,2
GO:0002822,regulation of adaptive immune response based on somatic recombination of immune receptors built from immunoglobulin superfamily domains,3/124,232/28564,0.08046473673814783,0.3073820277904978,0.2735907366740811,60533/15015/16161,3
GO:1903828,negative regulation of protein localization,3/124,234/28564,0.08207363224780742,0.3078041483033078,0.27396645240116874,11815/13491/17472,3
GO:0042310,vasoconstriction,2/124,110/28564,0.08282667164290049,0.3078041483033078,0.27396645240116874,12062/59030,2
GO:0072676,lymphocyte migration,2/124,110/28564,0.08282667164290049,0.3078041483033078,0.27396645240116874,11815/19229,2
GO:2000181,negative regulation of blood vessel morphogenesis,2/124,110/28564,0.08282667164290049,0.3078041483033078,0.27396645240116874,16840/23876,2
GO:0002643,regulation of tolerance induction,1/124,20/28564,0.08336011170548618,0.3078041483033078,0.27396645240116874,60533,1
GO:0006670,sphingosine metabolic process,1/124,20/28564,0.08336011170548618,0.3078041483033078,0.27396645240116874,230379,1
GO:0046514,ceramide catabolic process,1/124,20/28564,0.08336011170548618,0.3078041483033078,0.27396645240116874,230379,1
GO:0048148,behavioral response to cocaine,1/124,20/28564,0.08336011170548618,0.3078041483033078,0.27396645240116874,13491,1
GO:0060340,positive regulation of type I interferon-mediated signaling pathway,1/124,20/28564,0.08336011170548618,0.3078041483033078,0.27396645240116874,58203,1
GO:0060841,venous blood vessel development,1/124,20/28564,0.08336011170548618,0.3078041483033078,0.27396645240116874,23796,1
GO:0071450,cellular response to oxygen radical,1/124,20/28564,0.08336011170548618,0.3078041483033078,0.27396645240116874,23876,1
GO:0071451,cellular response to superoxide,1/124,20/28564,0.08336011170548618,0.3078041483033078,0.27396645240116874,23876,1
GO:0099150,regulation of postsynaptic specialization assembly,1/124,20/28564,0.08336011170548618,0.3078041483033078,0.27396645240116874,19229,1
GO:0099509,regulation of presynaptic cytosolic calcium ion concentration,1/124,20/28564,0.08336011170548618,0.3078041483033078,0.27396645240116874,17357,1
GO:2001135,regulation of endocytic recycling,1/124,20/28564,0.08336011170548618,0.3078041483033078,0.27396645240116874,329502,1
GO:0051962,positive regulation of nervous system development,4/124,379/28564,0.08345382331545316,0.3078041483033078,0.27396645240116874,118454/17136/18205/78748,4
GO:0002685,regulation of leukocyte migration,3/124,236/28564,0.08369643543258702,0.3078041483033078,0.27396645240116874,11815/12182/19229,3
GO:1903037,regulation of leukocyte cell-cell adhesion,4/124,380/28564,0.08407253303248184,0.3078041483033078,0.27396645240116874,60533/50723/16161/18784,4
GO:0010595,positive regulation of endothelial cell migration,2/124,111/28564,0.08411515334247022,0.3078041483033078,0.27396645240116874,14181/19229,2
GO:0019751,polyol metabolic process,2/124,111/28564,0.08411515334247022,0.3078041483033078,0.27396645240116874,230379/19229,2
GO:1901343,negative regulation of vasculature development,2/124,111/28564,0.08411515334247022,0.3078041483033078,0.27396645240116874,16840/23876,2
GO:0005976,polysaccharide metabolic process,2/124,112/28564,0.0854097735705294,0.3112939052690353,0.27707257147367875,81600/12655,2
GO:0045833,negative regulation of lipid metabolic process,2/124,112/28564,0.0854097735705294,0.3112939052690353,0.27707257147367875,11812/11815,2
GO:0050863,regulation of T cell activation,4/124,384/28564,0.08657000526282053,0.3114975952796609,0.2772538693213792,60533/50723/16161/18784,4
GO:0003018,vascular process in circulatory system,3/124,240/28564,0.08698328417998258,0.3114975952796609,0.2772538693213792,12062/227231/59030,3
GO:0002407,dendritic cell chemotaxis,1/124,21/28564,0.08734215157896297,0.3114975952796609,0.2772538693213792,245195,1
GO:0002836,positive regulation of response to tumor cell,1/124,21/28564,0.08734215157896297,0.3114975952796609,0.2772538693213792,60533,1
GO:0002839,positive regulation of immune response to tumor cell,1/124,21/28564,0.08734215157896297,0.3114975952796609,0.2772538693213792,60533,1
GO:0061760,antifungal innate immune response,1/124,21/28564,0.08734215157896297,0.3114975952796609,0.2772538693213792,18784,1
GO:0070230,positive regulation of lymphocyte apoptotic process,1/124,21/28564,0.08734215157896297,0.3114975952796609,0.2772538693213792,60533,1
GO:0090050,positive regulation of cell migration involved in sprouting angiogenesis,1/124,21/28564,0.08734215157896297,0.3114975952796609,0.2772538693213792,14181,1
GO:1901386,negative regulation of voltage-gated calcium channel activity,1/124,21/28564,0.08734215157896297,0.3114975952796609,0.2772538693213792,13491,1
GO:1901623,regulation of lymphocyte chemotaxis,1/124,21/28564,0.08734215157896297,0.3114975952796609,0.2772538693213792,19229,1
GO:2000251,positive regulation of actin cytoskeleton reorganization,1/124,21/28564,0.08734215157896297,0.3114975952796609,0.2772538693213792,18205,1
GO:0042742,defense response to bacterium,4/124,386/28564,0.0878322531654642,0.3120266425683611,0.27772475709088007,17472/100702/60440/71775,4
GO:0050900,leukocyte migration,4/124,386/28564,0.0878322531654642,0.3120266425683611,0.27772475709088007,11815/12182/19229/245195,4
GO:0002064,epithelial cell development,3/124,242/28564,0.08864708693191234,0.31309396661058403,0.27867474747607174,107993/16840/66705,3
GO:0097529,myeloid leukocyte migration,3/124,242/28564,0.08864708693191234,0.31309396661058403,0.27867474747607174,12182/19229/245195,3
GO:1901888,regulation of cell junction assembly,3/124,242/28564,0.08864708693191234,0.31309396661058403,0.27867474747607174,23796/11815/19229,3
GO:0034766,negative regulation of monoatomic ion transmembrane transport,2/124,115/28564,0.08932970284916864,0.3139861391307112,0.2794688411931851,13491/69563,2
GO:0030038,contractile actin filament bundle assembly,2/124,116/28564,0.09064811729694278,0.3139861391307112,0.2794688411931851,59030/19229,2
GO:0043149,stress fiber assembly,2/124,116/28564,0.09064811729694278,0.3139861391307112,0.2794688411931851,59030/19229,2
GO:0099565,"chemical synaptic transmission, postsynaptic",2/124,116/28564,0.09064811729694278,0.3139861391307112,0.2794688411931851,13491/19229,2
GO:1904659,glucose transmembrane transport,2/124,116/28564,0.09064811729694278,0.3139861391307112,0.2794688411931851,20528/117591,2
GO:0001975,response to amphetamine,1/124,22/28564,0.09130703169682786,0.3139861391307112,0.2794688411931851,13491,1
GO:0010039,response to iron ion,1/124,22/28564,0.09130703169682786,0.3139861391307112,0.2794688411931851,50765,1
GO:0034312,diol biosynthetic process,1/124,22/28564,0.09130703169682786,0.3139861391307112,0.2794688411931851,230379,1
GO:0046519,sphingoid metabolic process,1/124,22/28564,0.09130703169682786,0.3139861391307112,0.2794688411931851,230379,1
GO:0050910,detection of mechanical stimulus involved in sensory perception of sound,1/124,22/28564,0.09130703169682786,0.3139861391307112,0.2794688411931851,59030,1
GO:0060602,branch elongation of an epithelium,1/124,22/28564,0.09130703169682786,0.3139861391307112,0.2794688411931851,21923,1
GO:0070734,histone H3-K27 methylation,1/124,22/28564,0.09130703169682786,0.3139861391307112,0.2794688411931851,50709,1
GO:1902254,negative regulation of intrinsic apoptotic signaling pathway by p53 class mediator,1/124,22/28564,0.09130703169682786,0.3139861391307112,0.2794688411931851,12062,1
GO:2000291,regulation of myoblast proliferation,1/124,22/28564,0.09130703169682786,0.3139861391307112,0.2794688411931851,14181,1
GO:0008645,hexose transmembrane transport,2/124,117/28564,0.09197229299726792,0.3144970168782982,0.27992355684561737,20528/117591,2
GO:0031532,actin cytoskeleton reorganization,2/124,117/28564,0.09197229299726792,0.3144970168782982,0.27992355684561737,18205/19229,2
GO:0048477,oogenesis,2/124,117/28564,0.09197229299726792,0.3144970168782982,0.27992355684561737,244551/19229,2
GO:0019216,regulation of lipid metabolic process,4/124,393/28564,0.09232037190339074,0.31509719457119906,0.2804577554723764,11812/11815/19229/107770,4
GO:0021987,cerebral cortex development,2/124,118/28564,0.09330215608666398,0.3162460203505243,0.2814802879006223,59030/73710,2
GO:0002819,regulation of adaptive immune response,3/124,249/28564,0.09457528204418476,0.3162460203505243,0.2814802879006223,60533/15015/16161,3
GO:0072593,reactive oxygen species metabolic process,3/124,249/28564,0.09457528204418476,0.3162460203505243,0.2814802879006223,23876/14778/19229,3
GO:0006939,smooth muscle contraction,2/124,119/28564,0.09463763322493293,0.3162460203505243,0.2814802879006223,12062/59030,2
GO:0033555,multicellular organismal response to stress,2/124,119/28564,0.09463763322493293,0.3162460203505243,0.2814802879006223,12290/13491,2
GO:0046634,regulation of alpha-beta T cell activation,2/124,119/28564,0.09463763322493293,0.3162460203505243,0.2814802879006223,60533/16161,2
GO:0000303,response to superoxide,1/124,23/28564,0.09525482540678443,0.3162460203505243,0.2814802879006223,23876,1
GO:0010984,regulation of lipoprotein particle clearance,1/124,23/28564,0.09525482540678443,0.3162460203505243,0.2814802879006223,11812,1
GO:0032095,regulation of response to food,1/124,23/28564,0.09525482540678443,0.3162460203505243,0.2814802879006223,59030,1
GO:0032693,negative regulation of interleukin-10 production,1/124,23/28564,0.09525482540678443,0.3162460203505243,0.2814802879006223,60533,1
GO:0042053,regulation of dopamine metabolic process,1/124,23/28564,0.09525482540678443,0.3162460203505243,0.2814802879006223,13491,1
GO:0070498,interleukin-1-mediated signaling pathway,1/124,23/28564,0.09525482540678443,0.3162460203505243,0.2814802879006223,58203,1
GO:1902307,positive regulation of sodium ion transmembrane transport,1/124,23/28564,0.09525482540678443,0.3162460203505243,0.2814802879006223,13491,1
GO:2000114,regulation of establishment of cell polarity,1/124,23/28564,0.09525482540678443,0.3162460203505243,0.2814802879006223,19229,1
GO:2001044,regulation of integrin-mediated signaling pathway,1/124,23/28564,0.09525482540678443,0.3162460203505243,0.2814802879006223,18073,1
GO:0015749,monosaccharide transmembrane transport,2/124,120/28564,0.09597865159206902,0.31807081271709264,0.2831044761833118,20528/117591,2
GO:0050870,positive regulation of T cell activation,3/124,252/28564,0.09716494630248088,0.3214188259933516,0.2860844338120337,60533/50723/16161,3
GO:0008306,associative learning,2/124,122/28564,0.09867702331545868,0.32283942262286824,0.2873488606270298,12290/13491,2
GO:0071675,regulation of mononuclear cell migration,2/124,122/28564,0.09867702331545868,0.32283942262286824,0.2873488606270298,11815/19229,2
GO:0000305,response to oxygen radical,1/124,24/28564,0.09918560574558,0.32283942262286824,0.2873488606270298,23876,1
GO:0010640,regulation of platelet-derived growth factor receptor signaling pathway,1/124,24/28564,0.09918560574558,0.32283942262286824,0.2873488606270298,11815,1
GO:0014075,response to amine,1/124,24/28564,0.09918560574558,0.32283942262286824,0.2873488606270298,13491,1
GO:0034405,response to fluid shear stress,1/124,24/28564,0.09918560574558,0.32283942262286824,0.2873488606270298,19229,1
GO:0060080,inhibitory postsynaptic potential,1/124,24/28564,0.09918560574558,0.32283942262286824,0.2873488606270298,13491,1
GO:0060544,regulation of necroptotic process,1/124,24/28564,0.09918560574558,0.32283942262286824,0.2873488606270298,58203,1
GO:1900016,negative regulation of cytokine production involved in inflammatory response,1/124,24/28564,0.09918560574558,0.32283942262286824,0.2873488606270298,11815,1
GO:0042326,negative regulation of phosphorylation,4/124,405/28564,0.10026431667697606,0.3257086286747458,0.28990264753202716,12062/17472/18205/545902,4
GO:0043534,blood vessel endothelial cell migration,2/124,124/28564,0.10139669898426815,0.3257086286747458,0.28990264753202716,14181/19229,2
GO:0051588,regulation of neurotransmitter transport,2/124,124/28564,0.10139669898426815,0.3257086286747458,0.28990264753202716,12290/13491,2
GO:0002696,positive regulation of leukocyte activation,4/124,408/28564,0.10229873981769895,0.3257086286747458,0.28990264753202716,12182/60533/50723/16161,4
GO:0006979,response to oxidative stress,4/124,408/28564,0.10229873981769895,0.3257086286747458,0.28990264753202716,11815/23876/14778/19229,4
GO:0032649,regulation of type II interferon production,2/124,125/28564,0.10276434918819186,0.3257086286747458,0.28990264753202716,60533/16161,2
GO:0007620,copulation,1/124,25/28564,0.10309944544030836,0.3257086286747458,0.28990264753202716,13491,1
GO:0010743,regulation of macrophage derived foam cell differentiation,1/124,25/28564,0.10309944544030836,0.3257086286747458,0.28990264753202716,18784,1
GO:0015868,purine ribonucleotide transport,1/124,25/28564,0.10309944544030836,0.3257086286747458,0.28990264753202716,228993,1
GO:0021544,subpallium development,1/124,25/28564,0.10309944544030836,0.3257086286747458,0.28990264753202716,59030,1
GO:0031065,positive regulation of histone deacetylation,1/124,25/28564,0.10309944544030836,0.3257086286747458,0.28990264753202716,23796,1
GO:0032780,negative regulation of ATP-dependent activity,1/124,25/28564,0.10309944544030836,0.3257086286747458,0.28990264753202716,69563,1
GO:0042069,regulation of catecholamine metabolic process,1/124,25/28564,0.10309944544030836,0.3257086286747458,0.28990264753202716,13491,1
GO:0043567,regulation of insulin-like growth factor receptor signaling pathway,1/124,25/28564,0.10309944544030836,0.3257086286747458,0.28990264753202716,434246,1
GO:0046337,phosphatidylethanolamine metabolic process,1/124,25/28564,0.10309944544030836,0.3257086286747458,0.28990264753202716,329502,1
GO:0051503,adenine nucleotide transport,1/124,25/28564,0.10309944544030836,0.3257086286747458,0.28990264753202716,228993,1
GO:2000561,"regulation of CD4-positive, alpha-beta T cell proliferation",1/124,25/28564,0.10309944544030836,0.3257086286747458,0.28990264753202716,60533,1
GO:0002688,regulation of leukocyte chemotaxis,2/124,126/28564,0.10413711445404757,0.3272620724910226,0.29128531730336027,12182/19229,2
GO:0006805,xenobiotic metabolic process,2/124,126/28564,0.10413711445404757,0.3272620724910226,0.29128531730336027,13113/20887,2
GO:2000177,regulation of neural precursor cell proliferation,2/124,126/28564,0.10413711445404757,0.3272620724910226,0.29128531730336027,118454/78748,2
GO:0051209,release of sequestered calcium ion into cytosol,2/124,127/28564,0.1055149255180504,0.3272620724910226,0.29128531730336027,23796/19229,2
GO:0015748,organophosphate ester transport,2/124,128/28564,0.10689771361248193,0.3272620724910226,0.29128531730336027,11812/228993,2
GO:0032006,regulation of TOR signaling,2/124,128/28564,0.10689771361248193,0.3272620724910226,0.29128531730336027,11989/73542,2
GO:0051283,negative regulation of sequestering of calcium ion,2/124,128/28564,0.10689771361248193,0.3272620724910226,0.29128531730336027,23796/19229,2
GO:0007635,chemosensory behavior,1/124,26/28564,0.10699641690971551,0.3272620724910226,0.29128531730336027,13491,1
GO:0015865,purine nucleotide transport,1/124,26/28564,0.10699641690971551,0.3272620724910226,0.29128531730336027,228993,1
GO:0032098,regulation of appetite,1/124,26/28564,0.10699641690971551,0.3272620724910226,0.29128531730336027,59030,1
GO:0032753,positive regulation of interleukin-4 production,1/124,26/28564,0.10699641690971551,0.3272620724910226,0.29128531730336027,50723,1
GO:0035739,"CD4-positive, alpha-beta T cell proliferation",1/124,26/28564,0.10699641690971551,0.3272620724910226,0.29128531730336027,60533,1
GO:0038083,peptidyl-tyrosine autophosphorylation,1/124,26/28564,0.10699641690971551,0.3272620724910226,0.29128531730336027,19229,1
GO:0042759,long-chain fatty acid biosynthetic process,1/124,26/28564,0.10699641690971551,0.3272620724910226,0.29128531730336027,18823,1
GO:0045762,positive regulation of adenylate cyclase activity,1/124,26/28564,0.10699641690971551,0.3272620724910226,0.29128531730336027,11434,1
GO:0050927,positive regulation of positive chemotaxis,1/124,26/28564,0.10699641690971551,0.3272620724910226,0.29128531730336027,18205,1
GO:0070168,negative regulation of biomineral tissue development,1/124,26/28564,0.10699641690971551,0.3272620724910226,0.29128531730336027,19229,1
GO:0097164,ammonium ion metabolic process,1/124,26/28564,0.10699641690971551,0.3272620724910226,0.29128531730336027,320981,1
GO:1900151,"regulation of nuclear-transcribed mRNA catabolic process, deadenylation-dependent decay",1/124,26/28564,0.10699641690971551,0.3272620724910226,0.29128531730336027,244551,1
GO:0090276,regulation of peptide hormone secretion,3/124,264/28564,0.10780717667861477,0.328640909207263,0.29251257497896704,12290/381853/50765,3
GO:0098657,import into cell,3/124,264/28564,0.10780717667861477,0.328640909207263,0.29251257497896704,12290/11989/50765,3
GO:0009308,amine metabolic process,2/124,129/28564,0.10828541046274644,0.32900026539929283,0.29283242622730626,13491/20887,2
GO:0034219,carbohydrate transmembrane transport,2/124,129/28564,0.10828541046274644,0.32900026539929283,0.29283242622730626,20528/117591,2
GO:0018958,phenol-containing compound metabolic process,2/124,130/28564,0.10967794828444477,0.33027839718889196,0.2939700497259752,13491/20887,2
GO:0042752,regulation of circadian rhythm,2/124,130/28564,0.10967794828444477,0.33027839718889196,0.2939700497259752,13491/21973,2
GO:0051282,regulation of sequestering of calcium ion,2/124,130/28564,0.10967794828444477,0.33027839718889196,0.2939700497259752,23796/19229,2
GO:0010466,negative regulation of peptidase activity,3/124,267/28564,0.11053644986488008,0.33027839718889196,0.2939700497259752,16426/18788/278507,3
GO:0045926,negative regulation of growth,3/124,267/28564,0.11053644986488008,0.33027839718889196,0.2939700497259752,69550/12696/17136,3
GO:0007159,leukocyte cell-cell adhesion,4/124,420/28564,0.11062545654984322,0.33027839718889196,0.2939700497259752,60533/50723/16161/18784,4
GO:0007281,germ cell development,4/124,420/28564,0.11062545654984322,0.33027839718889196,0.2939700497259752,59030/244551/19229/74469,4
GO:0039694,viral RNA genome replication,1/124,27/28564,0.11087659226549329,0.33027839718889196,0.2939700497259752,21973,1
GO:0050926,regulation of positive chemotaxis,1/124,27/28564,0.11087659226549329,0.33027839718889196,0.2939700497259752,18205,1
GO:0062098,regulation of programmed necrotic cell death,1/124,27/28564,0.11087659226549329,0.33027839718889196,0.2939700497259752,58203,1
GO:0097107,postsynaptic density assembly,1/124,27/28564,0.11087659226549329,0.33027839718889196,0.2939700497259752,19229,1
GO:1990403,embryonic brain development,1/124,27/28564,0.11087659226549329,0.33027839718889196,0.2939700497259752,73710,1
GO:0002791,regulation of peptide secretion,3/124,269/28564,0.11237077358468488,0.3304658029819974,0.294136853521764,12290/381853/50765,3
GO:0051208,sequestering of calcium ion,2/124,132/28564,0.11247727813807182,0.3304658029819974,0.294136853521764,23796/19229,2
GO:0060078,regulation of postsynaptic membrane potential,2/124,132/28564,0.11247727813807182,0.3304658029819974,0.294136853521764,13491/19229,2
GO:0007626,locomotory behavior,3/124,270/28564,0.11329232862099743,0.3304658029819974,0.294136853521764,109900/12290/13491,3
GO:0050730,regulation of peptidyl-tyrosine phosphorylation,3/124,270/28564,0.11329232862099743,0.3304658029819974,0.294136853521764,12182/18205/19229,3
GO:0019079,viral genome replication,2/124,133/28564,0.11388393702605726,0.3304658029819974,0.294136853521764,69550/21973,2
GO:0045807,positive regulation of endocytosis,2/124,133/28564,0.11388393702605726,0.3304658029819974,0.294136853521764,18205/50765,2
GO:0046822,regulation of nucleocytoplasmic transport,2/124,133/28564,0.11388393702605726,0.3304658029819974,0.294136853521764,11815/17472,2
GO:0099072,regulation of postsynaptic membrane neurotransmitter receptor levels,2/124,133/28564,0.11388393702605726,0.3304658029819974,0.294136853521764,13491/50765,2
GO:0090087,regulation of peptide transport,3/124,271/28564,0.11421679046965036,0.3304658029819974,0.294136853521764,12290/381853/50765,3
GO:0003272,endocardial cushion formation,1/124,28/28564,0.11474004331357412,0.3304658029819974,0.294136853521764,23796,1
GO:0019433,triglyceride catabolic process,1/124,28/28564,0.11474004331357412,0.3304658029819974,0.294136853521764,227231,1
GO:0032878,regulation of establishment or maintenance of cell polarity,1/124,28/28564,0.11474004331357412,0.3304658029819974,0.294136853521764,19229,1
GO:0036336,dendritic cell migration,1/124,28/28564,0.11474004331357412,0.3304658029819974,0.294136853521764,245195,1
GO:0046471,phosphatidylglycerol metabolic process,1/124,28/28564,0.11474004331357412,0.3304658029819974,0.294136853521764,18784,1
GO:0055081,monoatomic anion homeostasis,1/124,28/28564,0.11474004331357412,0.3304658029819974,0.294136853521764,227231,1
GO:0060586,multicellular organismal-level iron ion homeostasis,1/124,28/28564,0.11474004331357412,0.3304658029819974,0.294136853521764,50765,1
GO:0071605,monocyte chemotactic protein-1 production,1/124,28/28564,0.11474004331357412,0.3304658029819974,0.294136853521764,11815,1
GO:0071637,regulation of monocyte chemotactic protein-1 production,1/124,28/28564,0.11474004331357412,0.3304658029819974,0.294136853521764,11815,1
GO:0099149,regulation of postsynaptic neurotransmitter receptor internalization,1/124,28/28564,0.11474004331357412,0.3304658029819974,0.294136853521764,13491,1
GO:2000310,regulation of NMDA receptor activity,1/124,28/28564,0.11474004331357412,0.3304658029819974,0.294136853521764,19229,1
GO:0030282,bone mineralization,2/124,134/28564,0.11529517059184531,0.3314301519515511,0.29499518914693895,27047/19229,2
GO:0001503,ossification,4/124,427/28564,0.11561939035768788,0.3314301519515511,0.29499518914693895,16840/27047/19229/74499,4
GO:0050678,regulation of epithelial cell proliferation,4/124,427/28564,0.11561939035768788,0.3314301519515511,0.29499518914693895,23796/16840/14181/68888,4
GO:0006520,amino acid metabolic process,3/124,273/28564,0.11607436854503683,0.33165385203351894,0.2951942973077496,109900/227231/71275,3
GO:1901215,negative regulation of neuron death,3/124,273/28564,0.11607436854503683,0.33165385203351894,0.2951942973077496,17136/18205/19229,3
GO:0032102,negative regulation of response to external stimulus,4/124,429/28564,0.1170643292549651,0.33165385203351894,0.2951942973077496,12140/574402/59030/18784,4
GO:0050867,positive regulation of cell activation,4/124,430/28564,0.11778978308802025,0.33165385203351894,0.2951942973077496,12182/60533/50723/16161,4
GO:0009636,response to toxic substance,2/124,136/28564,0.11813110072267954,0.33165385203351894,0.2951942973077496,23876/118454,2
GO:0050868,negative regulation of T cell activation,2/124,136/28564,0.11813110072267954,0.33165385203351894,0.2951942973077496,60533/18784,2
GO:0002507,tolerance induction,1/124,29/28564,0.11858684155541344,0.33165385203351894,0.2951942973077496,60533,1
GO:0010742,macrophage derived foam cell differentiation,1/124,29/28564,0.11858684155541344,0.33165385203351894,0.2951942973077496,18784,1
GO:0014829,vascular associated smooth muscle contraction,1/124,29/28564,0.11858684155541344,0.33165385203351894,0.2951942973077496,59030,1
GO:0032740,positive regulation of interleukin-17 production,1/124,29/28564,0.11858684155541344,0.33165385203351894,0.2951942973077496,16161,1
GO:0032770,positive regulation of monooxygenase activity,1/124,29/28564,0.11858684155541344,0.33165385203351894,0.2951942973077496,19229,1
GO:0034063,stress granule assembly,1/124,29/28564,0.11858684155541344,0.33165385203351894,0.2951942973077496,12696,1
GO:0072528,pyrimidine-containing compound biosynthetic process,1/124,29/28564,0.11858684155541344,0.33165385203351894,0.2951942973077496,227231,1
GO:0090382,phagosome maturation,1/124,29/28564,0.11858684155541344,0.33165385203351894,0.2951942973077496,18784,1
GO:0042157,lipoprotein metabolic process,2/124,137/28564,0.11955566795023631,0.33165385203351894,0.2951942973077496,11812/11815,2
GO:0046425,regulation of receptor signaling pathway via JAK-STAT,2/124,137/28564,0.11955566795023631,0.33165385203351894,0.2951942973077496,16161/19229,2
GO:0051592,response to calcium ion,2/124,137/28564,0.11955566795023631,0.33165385203351894,0.2951942973077496,381853/54524,2
GO:1903039,positive regulation of leukocyte cell-cell adhesion,3/124,278/28564,0.12076802463573588,0.33165385203351894,0.2951942973077496,60533/50723/16161,3
GO:0050852,T cell receptor signaling pathway,2/124,138/28564,0.12098455117499547,0.33165385203351894,0.2951942973077496,50723/17441,2
GO:0001778,plasma membrane repair,1/124,30/28564,0.12241705818927062,0.33165385203351894,0.2951942973077496,434246,1
GO:0002837,regulation of immune response to tumor cell,1/124,30/28564,0.12241705818927062,0.33165385203351894,0.2951942973077496,60533,1
GO:0003171,atrioventricular valve development,1/124,30/28564,0.12241705818927062,0.33165385203351894,0.2951942973077496,23796,1
GO:0006862,nucleotide transport,1/124,30/28564,0.12241705818927062,0.33165385203351894,0.2951942973077496,228993,1
GO:0007274,neuromuscular synaptic transmission,1/124,30/28564,0.12241705818927062,0.33165385203351894,0.2951942973077496,18205,1
GO:0007602,phototransduction,1/124,30/28564,0.12241705818927062,0.33165385203351894,0.2951942973077496,114230,1
GO:0032480,negative regulation of type I interferon production,1/124,30/28564,0.12241705818927062,0.33165385203351894,0.2951942973077496,17472,1
GO:0034311,diol metabolic process,1/124,30/28564,0.12241705818927062,0.33165385203351894,0.2951942973077496,230379,1
GO:0036037,"CD8-positive, alpha-beta T cell activation",1/124,30/28564,0.12241705818927062,0.33165385203351894,0.2951942973077496,60533,1
GO:0042744,hydrogen peroxide catabolic process,1/124,30/28564,0.12241705818927062,0.33165385203351894,0.2951942973077496,14778,1
GO:0043950,positive regulation of cAMP-mediated signaling,1/124,30/28564,0.12241705818927062,0.33165385203351894,0.2951942973077496,381853,1
GO:0046641,positive regulation of alpha-beta T cell proliferation,1/124,30/28564,0.12241705818927062,0.33165385203351894,0.2951942973077496,16161,1
GO:0048261,negative regulation of receptor-mediated endocytosis,1/124,30/28564,0.12241705818927062,0.33165385203351894,0.2951942973077496,11812,1
GO:0050995,negative regulation of lipid catabolic process,1/124,30/28564,0.12241705818927062,0.33165385203351894,0.2951942973077496,11812,1
GO:0051450,myoblast proliferation,1/124,30/28564,0.12241705818927062,0.33165385203351894,0.2951942973077496,14181,1
GO:0098869,cellular oxidant detoxification,1/124,30/28564,0.12241705818927062,0.33165385203351894,0.2951942973077496,23876,1
GO:0032609,type II interferon production,2/124,139/28564,0.12241768689517622,0.33165385203351894,0.2951942973077496,60533/16161,2
GO:0045727,positive regulation of translation,2/124,139/28564,0.12241768689517622,0.33165385203351894,0.2951942973077496,12696/19229,2
GO:0009582,detection of abiotic stimulus,2/124,140/28564,0.12385501207077707,0.3333357417481332,0.29669129259187044,114230/59030,2
GO:0044270,cellular nitrogen compound catabolic process,4/124,440/28564,0.12515217123828967,0.3333357417481332,0.29669129259187044,12696/13113/66705/244551,4
GO:0008360,regulation of cell shape,2/124,141/28564,0.12529646412081752,0.3333357417481332,0.29669129259187044,77767/19229,2
GO:0009581,detection of external stimulus,2/124,141/28564,0.12529646412081752,0.3333357417481332,0.29669129259187044,114230/59030,2
GO:0001963,"synaptic transmission, dopaminergic",1/124,31/28564,0.12623076411148715,0.3333357417481332,0.29669129259187044,13491,1
GO:0002834,regulation of response to tumor cell,1/124,31/28564,0.12623076411148715,0.3333357417481332,0.29669129259187044,60533,1
GO:0006536,glutamate metabolic process,1/124,31/28564,0.12623076411148715,0.3333357417481332,0.29669129259187044,109900,1
GO:0006691,leukotriene metabolic process,1/124,31/28564,0.12623076411148715,0.3333357417481332,0.29669129259187044,18784,1
GO:0030149,sphingolipid catabolic process,1/124,31/28564,0.12623076411148715,0.3333357417481332,0.29669129259187044,230379,1
GO:0030947,regulation of vascular endothelial growth factor receptor signaling pathway,1/124,31/28564,0.12623076411148715,0.3333357417481332,0.29669129259187044,16840,1
GO:0033137,negative regulation of peptidyl-serine phosphorylation,1/124,31/28564,0.12623076411148715,0.3333357417481332,0.29669129259187044,12062,1
GO:0033688,regulation of osteoblast proliferation,1/124,31/28564,0.12623076411148715,0.3333357417481332,0.29669129259187044,23876,1
GO:0045070,positive regulation of viral genome replication,1/124,31/28564,0.12623076411148715,0.3333357417481332,0.29669129259187044,21973,1
GO:0048266,behavioral response to pain,1/124,31/28564,0.12623076411148715,0.3333357417481332,0.29669129259187044,12290,1
GO:0051923,sulfation,1/124,31/28564,0.12623076411148715,0.3333357417481332,0.29669129259187044,20887,1
GO:0090077,foam cell differentiation,1/124,31/28564,0.12623076411148715,0.3333357417481332,0.29669129259187044,18784,1
GO:2000316,regulation of T-helper 17 type immune response,1/124,31/28564,0.12623076411148715,0.3333357417481332,0.29669129259187044,16161,1
GO:0010811,positive regulation of cell-substrate adhesion,2/124,142/28564,0.12674198092059663,0.3333357417481332,0.29669129259187044,18073/19229,2
GO:0046165,alcohol biosynthetic process,2/124,142/28564,0.12674198092059663,0.3333357417481332,0.29669129259187044,230379/19229,2
GO:0007018,microtubule-based movement,4/124,443/28564,0.12739851327056223,0.3333357417481332,0.29669129259187044,12290/70897/59030/74469,4
GO:0006639,acylglycerol metabolic process,2/124,143/28564,0.1281915007989626,0.3333357417481332,0.29669129259187044,11812/227231,2
GO:0030833,regulation of actin filament polymerization,2/124,144/28564,0.12964496253560184,0.3333357417481332,0.29669129259187044,59030/19229,2
GO:0002825,regulation of T-helper 1 type immune response,1/124,32/28564,0.13002802991775309,0.3333357417481332,0.29669129259187044,16161,1
GO:0022011,myelination in peripheral nervous system,1/124,32/28564,0.13002802991775309,0.3333357417481332,0.29669129259187044,230822,1
GO:0030262,apoptotic nuclear changes,1/124,32/28564,0.13002802991775309,0.3333357417481332,0.29669129259187044,21973,1
GO:0031295,T cell costimulation,1/124,32/28564,0.13002802991775309,0.3333357417481332,0.29669129259187044,60533,1
GO:0032148,activation of protein kinase B activity,1/124,32/28564,0.13002802991775309,0.3333357417481332,0.29669129259187044,18205,1
GO:0032292,peripheral nervous system axon ensheathment,1/124,32/28564,0.13002802991775309,0.3333357417481332,0.29669129259187044,230822,1
GO:0032647,regulation of interferon-alpha production,1/124,32/28564,0.13002802991775309,0.3333357417481332,0.29669129259187044,17472,1
GO:0032958,inositol phosphate biosynthetic process,1/124,32/28564,0.13002802991775309,0.3333357417481332,0.29669129259187044,19229,1
GO:0043552,positive regulation of phosphatidylinositol 3-kinase activity,1/124,32/28564,0.13002802991775309,0.3333357417481332,0.29669129259187044,19229,1
GO:0060295,regulation of cilium movement involved in cell motility,1/124,32/28564,0.13002802991775309,0.3333357417481332,0.29669129259187044,59030,1
GO:0070296,sarcoplasmic reticulum calcium ion transport,1/124,32/28564,0.13002802991775309,0.3333357417481332,0.29669129259187044,69563,1
GO:1902019,regulation of cilium-dependent cell motility,1/124,32/28564,0.13002802991775309,0.3333357417481332,0.29669129259187044,59030,1
GO:1903319,positive regulation of protein maturation,1/124,32/28564,0.13002802991775309,0.3333357417481332,0.29669129259187044,50765,1
GO:0006638,neutral lipid metabolic process,2/124,145/28564,0.13110230535833853,0.3333357417481332,0.29669129259187044,11812/227231,2
GO:1904892,regulation of receptor signaling pathway via STAT,2/124,145/28564,0.13110230535833853,0.3333357417481332,0.29669129259187044,16161/19229,2
GO:0032412,regulation of monoatomic ion transmembrane transporter activity,3/124,290/28564,0.13231178506042776,0.3333357417481332,0.29669129259187044,13491/69563/19229,3
GO:1903313,positive regulation of mRNA metabolic process,2/124,146/28564,0.13256346894045204,0.3333357417481332,0.29669129259187044,12696/244551,2
GO:0000096,sulfur amino acid metabolic process,1/124,33/28564,0.1338089259043711,0.3333357417481332,0.29669129259187044,227231,1
GO:0002230,positive regulation of defense response to virus by host,1/124,33/28564,0.1338089259043711,0.3333357417481332,0.29669129259187044,16161,1
GO:0002418,immune response to tumor cell,1/124,33/28564,0.1338089259043711,0.3333357417481332,0.29669129259187044,60533,1
GO:0006921,cellular component disassembly involved in execution phase of apoptosis,1/124,33/28564,0.1338089259043711,0.3333357417481332,0.29669129259187044,21973,1
GO:0009584,detection of visible light,1/124,33/28564,0.1338089259043711,0.3333357417481332,0.29669129259187044,114230,1
GO:0010155,regulation of proton transport,1/124,33/28564,0.1338089259043711,0.3333357417481332,0.29669129259187044,13491,1
GO:0032673,regulation of interleukin-4 production,1/124,33/28564,0.1338089259043711,0.3333357417481332,0.29669129259187044,50723,1
GO:0032682,negative regulation of chemokine production,1/124,33/28564,0.1338089259043711,0.3333357417481332,0.29669129259187044,11815,1
GO:0034260,negative regulation of GTPase activity,1/124,33/28564,0.1338089259043711,0.3333357417481332,0.29669129259187044,59030,1
GO:0034389,lipid droplet organization,1/124,33/28564,0.1338089259043711,0.3333357417481332,0.29669129259187044,232889,1
GO:0042178,xenobiotic catabolic process,1/124,33/28564,0.1338089259043711,0.3333357417481332,0.29669129259187044,13113,1
GO:0042573,retinoic acid metabolic process,1/124,33/28564,0.1338089259043711,0.3333357417481332,0.29669129259187044,13113,1
GO:0045745,positive regulation of G protein-coupled receptor signaling pathway,1/124,33/28564,0.1338089259043711,0.3333357417481332,0.29669129259187044,19144,1
GO:0051238,sequestering of metal ion,1/124,33/28564,0.1338089259043711,0.3333357417481332,0.29669129259187044,227231,1
GO:0060740,prostate gland epithelium morphogenesis,1/124,33/28564,0.1338089259043711,0.3333357417481332,0.29669129259187044,21923,1
GO:0090312,positive regulation of protein deacetylation,1/124,33/28564,0.1338089259043711,0.3333357417481332,0.29669129259187044,23796,1
GO:1901797,negative regulation of signal transduction by p53 class mediator,1/124,33/28564,0.1338089259043711,0.3333357417481332,0.29669129259187044,12062,1
GO:1901889,negative regulation of cell junction assembly,1/124,33/28564,0.1338089259043711,0.3333357417481332,0.29669129259187044,11815,1
GO:1904752,regulation of vascular associated smooth muscle cell migration,1/124,33/28564,0.1338089259043711,0.3333357417481332,0.29669129259187044,13491,1
GO:2000108,positive regulation of leukocyte apoptotic process,1/124,33/28564,0.1338089259043711,0.3333357417481332,0.29669129259187044,60533,1
GO:0090101,negative regulation of transmembrane receptor protein serine/threonine kinase signaling pathway,2/124,147/28564,0.1340283933980069,0.33342758357596813,0.29677303801308286,74499/278507,2
GO:0090277,positive regulation of peptide hormone secretion,2/124,148/28564,0.13549701928719765,0.3349456683985919,0.298124235895213,381853/50765,2
GO:0007015,actin filament organization,4/124,454/28564,0.13577943389980443,0.3349456683985919,0.298124235895213,77767/17357/59030/19229,4
GO:0043523,regulation of neuron apoptotic process,3/124,294/28564,0.13624348244076512,0.3349456683985919,0.298124235895213,17136/18205/19229,3
GO:0002313,mature B cell differentiation involved in immune response,1/124,34/28564,0.13757352206952023,0.3349456683985919,0.298124235895213,19229,1
GO:0002438,acute inflammatory response to antigenic stimulus,1/124,34/28564,0.13757352206952023,0.3349456683985919,0.298124235895213,12062,1
GO:0007187,"G protein-coupled receptor signaling pathway, coupled to cyclic nucleotide second messenger",1/124,34/28564,0.13757352206952023,0.3349456683985919,0.298124235895213,13491,1
GO:0010758,regulation of macrophage chemotaxis,1/124,34/28564,0.13757352206952023,0.3349456683985919,0.298124235895213,19229,1
GO:0031281,positive regulation of cyclase activity,1/124,34/28564,0.13757352206952023,0.3349456683985919,0.298124235895213,11434,1
GO:0031294,lymphocyte costimulation,1/124,34/28564,0.13757352206952023,0.3349456683985919,0.298124235895213,60533,1
GO:0032816,positive regulation of natural killer cell activation,1/124,34/28564,0.13757352206952023,0.3349456683985919,0.298124235895213,16161,1
GO:0035335,peptidyl-tyrosine dephosphorylation,1/124,34/28564,0.13757352206952023,0.3349456683985919,0.298124235895213,545902,1
GO:0040036,regulation of fibroblast growth factor receptor signaling pathway,1/124,34/28564,0.13757352206952023,0.3349456683985919,0.298124235895213,14181,1
GO:0050999,regulation of nitric-oxide synthase activity,1/124,34/28564,0.13757352206952023,0.3349456683985919,0.298124235895213,19229,1
GO:0060512,prostate gland morphogenesis,1/124,34/28564,0.13757352206952023,0.3349456683985919,0.298124235895213,21923,1
GO:0090322,regulation of superoxide metabolic process,1/124,34/28564,0.13757352206952023,0.3349456683985919,0.298124235895213,23876,1
GO:1904706,negative regulation of vascular associated smooth muscle cell proliferation,1/124,34/28564,0.13757352206952023,0.3349456683985919,0.298124235895213,13491,1
GO:0031623,receptor internalization,2/124,151/28564,0.13992451765313635,0.3370885715749677,0.3000315642541939,13491/18205,2
GO:0031929,TOR signaling,2/124,151/28564,0.13992451765313635,0.3370885715749677,0.3000315642541939,11989/73542,2
GO:0034763,negative regulation of transmembrane transport,2/124,151/28564,0.13992451765313635,0.3370885715749677,0.3000315642541939,13491/69563,2
GO:1903038,negative regulation of leukocyte cell-cell adhesion,2/124,151/28564,0.13992451765313635,0.3370885715749677,0.3000315642541939,60533/18784,2
GO:0002092,positive regulation of receptor internalization,1/124,35/28564,0.14132188811450397,0.3370885715749677,0.3000315642541939,18205,1
GO:0002719,negative regulation of cytokine production involved in immune response,1/124,35/28564,0.14132188811450397,0.3370885715749677,0.3000315642541939,69550,1
GO:0006308,DNA catabolic process,1/124,35/28564,0.14132188811450397,0.3370885715749677,0.3000315642541939,66705,1
GO:0018023,peptidyl-lysine trimethylation,1/124,35/28564,0.14132188811450397,0.3370885715749677,0.3000315642541939,50709,1
GO:0032104,regulation of response to extracellular stimulus,1/124,35/28564,0.14132188811450397,0.3370885715749677,0.3000315642541939,59030,1
GO:0032107,regulation of response to nutrient levels,1/124,35/28564,0.14132188811450397,0.3370885715749677,0.3000315642541939,59030,1
GO:0032607,interferon-alpha production,1/124,35/28564,0.14132188811450397,0.3370885715749677,0.3000315642541939,17472,1
GO:0035025,positive regulation of Rho protein signal transduction,1/124,35/28564,0.14132188811450397,0.3370885715749677,0.3000315642541939,574402,1
GO:0051349,positive regulation of lyase activity,1/124,35/28564,0.14132188811450397,0.3370885715749677,0.3000315642541939,11434,1
GO:1903901,negative regulation of viral life cycle,1/124,35/28564,0.14132188811450397,0.3370885715749677,0.3000315642541939,69550,1
GO:2000515,"negative regulation of CD4-positive, alpha-beta T cell activation",1/124,35/28564,0.14132188811450397,0.3370885715749677,0.3000315642541939,60533,1
GO:0002793,positive regulation of peptide secretion,2/124,152/28564,0.14140736354130626,0.3370885715749677,0.3000315642541939,381853/50765,2
GO:0050728,negative regulation of inflammatory response,2/124,153/28564,0.1428936201521221,0.33974446666376945,0.3023954900149075,574402/18784,2
GO:0050921,positive regulation of chemotaxis,2/124,153/28564,0.1428936201521221,0.33974446666376945,0.3023954900149075,18205/19229,2
GO:0031333,negative regulation of protein-containing complex assembly,2/124,154/28564,0.1443832306276087,0.3408723534407614,0.30339938531880767,59030/74499,2
GO:0009112,nucleobase metabolic process,1/124,36/28564,0.14505409344500242,0.3408723534407614,0.30339938531880767,227231,1
GO:0014044,Schwann cell development,1/124,36/28564,0.14505409344500242,0.3408723534407614,0.30339938531880767,230822,1
GO:0032369,negative regulation of lipid transport,1/124,36/28564,0.14505409344500242,0.3408723534407614,0.30339938531880767,11812,1
GO:0046466,membrane lipid catabolic process,1/124,36/28564,0.14505409344500242,0.3408723534407614,0.30339938531880767,230379,1
GO:0071711,basement membrane organization,1/124,36/28564,0.14505409344500242,0.3408723534407614,0.30339938531880767,18073,1
GO:0090218,positive regulation of lipid kinase activity,1/124,36/28564,0.14505409344500242,0.3408723534407614,0.30339938531880767,19229,1
GO:1902253,regulation of intrinsic apoptotic signaling pathway by p53 class mediator,1/124,36/28564,0.14505409344500242,0.3408723534407614,0.30339938531880767,12062,1
GO:0052547,regulation of peptidase activity,4/124,466/28564,0.1451724544876427,0.3408723534407614,0.30339938531880767,230379/16426/18788/278507,4
GO:0022898,regulation of transmembrane transporter activity,3/124,303/28564,0.1452347705240484,0.3408723534407614,0.30339938531880767,13491/69563/19229,3
GO:0008643,carbohydrate transport,2/124,155/28564,0.145876138531736,0.34193816297682916,0.3043480276913727,20528/117591,2
GO:1900180,regulation of protein localization to nucleus,2/124,156/28564,0.14737228784787715,0.34453686128604477,0.30666104446051373,11815/17472,2
GO:0003401,axis elongation,1/124,37/28564,0.14877020717231648,0.34453686128604477,0.30666104446051373,21923,1
GO:0014912,negative regulation of smooth muscle cell migration,1/124,37/28564,0.14877020717231648,0.34453686128604477,0.30666104446051373,13491,1
GO:0021846,cell proliferation in forebrain,1/124,37/28564,0.14877020717231648,0.34453686128604477,0.30666104446051373,12140,1
GO:0033687,osteoblast proliferation,1/124,37/28564,0.14877020717231648,0.34453686128604477,0.30666104446051373,23876,1
GO:0048026,"positive regulation of mRNA splicing, via spliceosome",1/124,37/28564,0.14877020717231648,0.34453686128604477,0.30666104446051373,12696,1
GO:0048710,regulation of astrocyte differentiation,1/124,37/28564,0.14877020717231648,0.34453686128604477,0.30666104446051373,17136,1
GO:0070306,lens fiber cell differentiation,1/124,37/28564,0.14877020717231648,0.34453686128604477,0.30666104446051373,107993,1
GO:1904861,excitatory synapse assembly,1/124,37/28564,0.14877020717231648,0.34453686128604477,0.30666104446051373,19229,1
GO:0006633,fatty acid biosynthetic process,2/124,157/28564,0.14887162297628112,0.34453686128604477,0.30666104446051373,11812/18823,2
GO:0060326,cell chemotaxis,3/124,308/28564,0.15031313351112982,0.3467132806441683,0.30859820448181,12182/19229/245195,3
GO:0010038,response to metal ion,3/124,309/28564,0.15133568573530726,0.3467132806441683,0.30859820448181,381853/54524/50765,3
GO:0001556,oocyte maturation,1/124,38/28564,0.1524702981146041,0.3467132806441683,0.30859820448181,19229,1
GO:0001964,startle response,1/124,38/28564,0.1524702981146041,0.3467132806441683,0.30859820448181,12140,1
GO:0006910,"phagocytosis, recognition",1/124,38/28564,0.1524702981146041,0.3467132806441683,0.30859820448181,18784,1
GO:0007212,dopamine receptor signaling pathway,1/124,38/28564,0.1524702981146041,0.3467132806441683,0.30859820448181,13491,1
GO:0034381,plasma lipoprotein particle clearance,1/124,38/28564,0.1524702981146041,0.3467132806441683,0.30859820448181,11812,1
GO:0045922,negative regulation of fatty acid metabolic process,1/124,38/28564,0.1524702981146041,0.3467132806441683,0.30859820448181,11812,1
GO:0060441,epithelial tube branching involved in lung morphogenesis,1/124,38/28564,0.1524702981146041,0.3467132806441683,0.30859820448181,21923,1
GO:0090022,regulation of neutrophil chemotaxis,1/124,38/28564,0.1524702981146041,0.3467132806441683,0.30859820448181,12182,1
GO:0098698,postsynaptic specialization assembly,1/124,38/28564,0.1524702981146041,0.3467132806441683,0.30859820448181,19229,1
GO:0098884,postsynaptic neurotransmitter receptor internalization,1/124,38/28564,0.1524702981146041,0.3467132806441683,0.30859820448181,13491,1
GO:0140239,postsynaptic endocytosis,1/124,38/28564,0.1524702981146041,0.3467132806441683,0.30859820448181,13491,1
GO:1904738,vascular associated smooth muscle cell migration,1/124,38/28564,0.1524702981146041,0.3467132806441683,0.30859820448181,13491,1
GO:0034329,cell junction assembly,4/124,477/28564,0.1540016442831467,0.34866932335371753,0.310339214422171,23796/11815/19229/22239,4
GO:0030336,negative regulation of cell migration,3/124,312/28564,0.15441679959654792,0.34866932335371753,0.310339214422171,11815/69550/13491,3
GO:0051147,regulation of muscle cell differentiation,2/124,161/28564,0.15489972406773844,0.34866932335371753,0.310339214422171,18073/434246,2
GO:1903305,regulation of regulated secretory pathway,2/124,161/28564,0.15489972406773844,0.34866932335371753,0.310339214422171,12290/54524,2
GO:2000377,regulation of reactive oxygen species metabolic process,2/124,161/28564,0.15489972406773844,0.34866932335371753,0.310339214422171,23876/19229,2
GO:0003203,endocardial cushion morphogenesis,1/124,39/28564,0.15615443479811364,0.34866932335371753,0.310339214422171,23796,1
GO:0014002,astrocyte development,1/124,39/28564,0.15615443479811364,0.34866932335371753,0.310339214422171,18823,1
GO:0019934,cGMP-mediated signaling,1/124,39/28564,0.15615443479811364,0.34866932335371753,0.310339214422171,19229,1
GO:0051482,positive regulation of cytosolic calcium ion concentration involved in phospholipase C-activating G protein-coupled signaling pathway,1/124,39/28564,0.15615443479811364,0.34866932335371753,0.310339214422171,574402,1
GO:0070266,necroptotic process,1/124,39/28564,0.15615443479811364,0.34866932335371753,0.310339214422171,58203,1
GO:0090049,regulation of cell migration involved in sprouting angiogenesis,1/124,39/28564,0.15615443479811364,0.34866932335371753,0.310339214422171,14181,1
GO:0098868,bone growth,1/124,39/28564,0.15615443479811364,0.34866932335371753,0.310339214422171,23876,1
GO:0099170,postsynaptic modulation of chemical synaptic transmission,1/124,39/28564,0.15615443479811364,0.34866932335371753,0.310339214422171,19229,1
GO:0010634,positive regulation of epithelial cell migration,2/124,162/28564,0.15641416867660926,0.34866932335371753,0.310339214422171,14181/19229,2
GO:0072331,signal transduction by p53 class mediator,2/124,162/28564,0.15641416867660926,0.34866932335371753,0.310339214422171,230379/12062,2
GO:0050767,regulation of neurogenesis,4/124,480/28564,0.15644459410157902,0.34866932335371753,0.310339214422171,118454/17136/18205/78748,4
GO:0007601,visual perception,2/124,163/28564,0.15793147411378583,0.34866932335371753,0.310339214422171,114230/107993,2
GO:0006874,intracellular calcium ion homeostasis,3/124,316/28564,0.15855572596533218,0.34866932335371753,0.310339214422171,23796/17357/19229,3
GO:0008064,regulation of actin polymerization or depolymerization,2/124,164/28564,0.1594515876280117,0.34866932335371753,0.310339214422171,59030/19229,2
GO:0033135,regulation of peptidyl-serine phosphorylation,2/124,164/28564,0.1594515876280117,0.34866932335371753,0.310339214422171,12062/18205,2
GO:1903900,regulation of viral life cycle,2/124,164/28564,0.1594515876280117,0.34866932335371753,0.310339214422171,69550/21973,2
GO:0032409,regulation of transporter activity,3/124,317/28564,0.15959584145184816,0.34866932335371753,0.310339214422171,13491/69563/19229,3
GO:0030212,hyaluronan metabolic process,1/124,40/28564,0.15982268545841272,0.34866932335371753,0.310339214422171,16426,1
GO:0032094,response to food,1/124,40/28564,0.15982268545841272,0.34866932335371753,0.310339214422171,59030,1
GO:0032633,interleukin-4 production,1/124,40/28564,0.15982268545841272,0.34866932335371753,0.310339214422171,50723,1
GO:0032689,negative regulation of type II interferon production,1/124,40/28564,0.15982268545841272,0.34866932335371753,0.310339214422171,60533,1
GO:0043267,negative regulation of potassium ion transport,1/124,40/28564,0.15982268545841272,0.34866932335371753,0.310339214422171,19229,1
GO:0046461,neutral lipid catabolic process,1/124,40/28564,0.15982268545841272,0.34866932335371753,0.310339214422171,227231,1
GO:0046464,acylglycerol catabolic process,1/124,40/28564,0.15982268545841272,0.34866932335371753,0.310339214422171,227231,1
GO:0060292,long-term synaptic depression,1/124,40/28564,0.15982268545841272,0.34866932335371753,0.310339214422171,19229,1
GO:0071425,hematopoietic stem cell proliferation,1/124,40/28564,0.15982268545841272,0.34866932335371753,0.310339214422171,96875,1
GO:1903725,regulation of phospholipid metabolic process,1/124,40/28564,0.15982268545841272,0.34866932335371753,0.310339214422171,11812,1
GO:1990089,response to nerve growth factor,1/124,40/28564,0.15982268545841272,0.34866932335371753,0.310339214422171,18205,1
GO:1990090,cellular response to nerve growth factor stimulus,1/124,40/28564,0.15982268545841272,0.34866932335371753,0.310339214422171,18205,1
GO:0042113,B cell activation,3/124,318/28564,0.16063807707637331,0.34992780742357826,0.3114593501250965,12182/50723/19229,3
GO:0016052,carbohydrate catabolic process,2/124,165/28564,0.16097445686517292,0.34992780742357826,0.3114593501250965,81600/12655,2
GO:0043488,regulation of mRNA stability,2/124,165/28564,0.16097445686517292,0.34992780742357826,0.3114593501250965,12696/244551,2
GO:0046474,glycerophospholipid biosynthetic process,2/124,166/28564,0.16250002986589016,0.3515441241141655,0.3128979809951413,232889/18784,2
GO:0030072,peptide hormone secretion,3/124,320/28564,0.1627288419973351,0.3515441241141655,0.3128979809951413,12290/381853/50765,3
GO:0001709,cell fate determination,1/124,41/28564,0.16347511804161152,0.3515441241141655,0.3128979809951413,18205,1
GO:0002861,regulation of inflammatory response to antigenic stimulus,1/124,41/28564,0.16347511804161152,0.3515441241141655,0.3128979809951413,574402,1
GO:0031063,regulation of histone deacetylation,1/124,41/28564,0.16347511804161152,0.3515441241141655,0.3128979809951413,23796,1
GO:0033238,regulation of amine metabolic process,1/124,41/28564,0.16347511804161152,0.3515441241141655,0.3128979809951413,13491,1
GO:0038179,neurotrophin signaling pathway,1/124,41/28564,0.16347511804161152,0.3515441241141655,0.3128979809951413,18205,1
GO:0070269,pyroptosis,1/124,41/28564,0.16347511804161152,0.3515441241141655,0.3128979809951413,58203,1
GO:1901031,regulation of response to reactive oxygen species,1/124,41/28564,0.16347511804161152,0.3515441241141655,0.3128979809951413,23876,1
GO:0030041,actin filament polymerization,2/124,167/28564,0.16402825506312652,0.3515441241141655,0.3128979809951413,59030/19229,2
GO:0030832,regulation of actin filament length,2/124,167/28564,0.16402825506312652,0.3515441241141655,0.3128979809951413,59030/19229,2
GO:0050953,sensory perception of light stimulus,2/124,167/28564,0.16402825506312652,0.3515441241141655,0.3128979809951413,114230/107993,2
GO:0007043,cell-cell junction assembly,2/124,168/28564,0.1655590812798066,0.353178411082624,0.3143526066245296,23796/22239,2
GO:0050680,negative regulation of epithelial cell proliferation,2/124,168/28564,0.1655590812798066,0.353178411082624,0.3143526066245296,16840/68888,2
GO:0007269,neurotransmitter secretion,2/124,169/28564,0.16709245772644918,0.353178411082624,0.3143526066245296,12290/13491,2
GO:0034250,positive regulation of amide metabolic process,2/124,169/28564,0.16709245772644918,0.353178411082624,0.3143526066245296,12696/19229,2
GO:0099643,signal release from synapse,2/124,169/28564,0.16709245772644918,0.353178411082624,0.3143526066245296,12290/13491,2
GO:0014059,regulation of dopamine secretion,1/124,42/28564,0.16711180020557892,0.353178411082624,0.3143526066245296,54524,1
GO:0032733,positive regulation of interleukin-10 production,1/124,42/28564,0.16711180020557892,0.353178411082624,0.3143526066245296,60533,1
GO:0040018,positive regulation of multicellular organism growth,1/124,42/28564,0.16711180020557892,0.353178411082624,0.3143526066245296,59030,1
GO:0043551,regulation of phosphatidylinositol 3-kinase activity,1/124,42/28564,0.16711180020557892,0.353178411082624,0.3143526066245296,19229,1
GO:0051968,"positive regulation of synaptic transmission, glutamatergic",1/124,42/28564,0.16711180020557892,0.353178411082624,0.3143526066245296,19229,1
GO:0098703,calcium ion import across plasma membrane,1/124,42/28564,0.16711180020557892,0.353178411082624,0.3143526066245296,12290,1
GO:2000403,positive regulation of lymphocyte migration,1/124,42/28564,0.16711180020557892,0.353178411082624,0.3143526066245296,19229,1
GO:2000146,negative regulation of cell motility,3/124,325/28564,0.1679916901642242,0.35462754478598074,0.31564243335997827,11815/69550/13491,3
GO:0009416,response to light stimulus,3/124,327/28564,0.1701108548105338,0.35507755303010446,0.3160429710488738,114230/12290/12696,3
GO:2000112,regulation of cellular macromolecule biosynthetic process,4/124,497/28564,0.17055787526500946,0.35507755303010446,0.3160429710488738,230379/12696/244551/19229,4
GO:0002335,mature B cell differentiation,1/124,43/28564,0.17073279932115648,0.35507755303010446,0.3160429710488738,19229,1
GO:0003352,regulation of cilium movement,1/124,43/28564,0.17073279932115648,0.35507755303010446,0.3160429710488738,59030,1
GO:0007143,female meiotic nuclear division,1/124,43/28564,0.17073279932115648,0.35507755303010446,0.3160429710488738,21973,1
GO:0007616,long-term memory,1/124,43/28564,0.17073279932115648,0.35507755303010446,0.3160429710488738,20528,1
GO:0010765,positive regulation of sodium ion transport,1/124,43/28564,0.17073279932115648,0.35507755303010446,0.3160429710488738,13491,1
GO:0010939,regulation of necrotic cell death,1/124,43/28564,0.17073279932115648,0.35507755303010446,0.3160429710488738,58203,1
GO:0014037,Schwann cell differentiation,1/124,43/28564,0.17073279932115648,0.35507755303010446,0.3160429710488738,230822,1
GO:0045761,regulation of adenylate cyclase activity,1/124,43/28564,0.17073279932115648,0.35507755303010446,0.3160429710488738,11434,1
GO:0051154,negative regulation of striated muscle cell differentiation,1/124,43/28564,0.17073279932115648,0.35507755303010446,0.3160429710488738,434246,1
GO:0051281,positive regulation of release of sequestered calcium ion into cytosol,1/124,43/28564,0.17073279932115648,0.35507755303010446,0.3160429710488738,23796,1
GO:0060338,regulation of type I interferon-mediated signaling pathway,1/124,43/28564,0.17073279932115648,0.35507755303010446,0.3160429710488738,58203,1
GO:0002790,peptide secretion,3/124,328/28564,0.171173376263798,0.35558883396779883,0.3164980455676955,12290/381853/50765,3
GO:0051250,negative regulation of lymphocyte activation,2/124,172/28564,0.1717073863158974,0.356086712747614,0.3169411912620718,60533/18784,2
GO:0021543,pallium development,2/124,173/28564,0.1732504634573252,0.356086712747614,0.3169411912620718,59030/73710,2
GO:0051017,actin filament bundle assembly,2/124,173/28564,0.1732504634573252,0.356086712747614,0.3169411912620718,59030/19229,2
GO:0006310,DNA recombination,3/124,330/28564,0.17330421476298136,0.356086712747614,0.3169411912620718,50709/50723/21973,3
GO:0022409,positive regulation of cell-cell adhesion,3/124,330/28564,0.17330421476298136,0.356086712747614,0.3169411912620718,60533/50723/16161,3
GO:0002486,"antigen processing and presentation of endogenous peptide antigen via MHC class I via ER pathway, TAP-independent",1/124,44/28564,0.1743381824733663,0.356086712747614,0.3169411912620718,15015,1
GO:0032508,DNA duplex unwinding,1/124,44/28564,0.1743381824733663,0.356086712747614,0.3169411912620718,21973,1
GO:0035886,vascular associated smooth muscle cell differentiation,1/124,44/28564,0.1743381824733663,0.356086712747614,0.3169411912620718,23796,1
GO:0042220,response to cocaine,1/124,44/28564,0.1743381824733663,0.356086712747614,0.3169411912620718,13491,1
GO:0046627,negative regulation of insulin receptor signaling pathway,1/124,44/28564,0.1743381824733663,0.356086712747614,0.3169411912620718,434246,1
GO:0050691,regulation of defense response to virus by host,1/124,44/28564,0.1743381824733663,0.356086712747614,0.3169411912620718,16161,1
GO:0072348,sulfur compound transport,1/124,44/28564,0.1743381824733663,0.356086712747614,0.3169411912620718,55961,1
GO:0085029,extracellular matrix assembly,1/124,44/28564,0.1743381824733663,0.356086712747614,0.3169411912620718,23876,1
GO:0097106,postsynaptic density organization,1/124,44/28564,0.1743381824733663,0.356086712747614,0.3169411912620718,19229,1
GO:1901998,toxin transport,1/124,44/28564,0.1743381824733663,0.356086712747614,0.3169411912620718,60533,1
GO:0050830,defense response to Gram-positive bacterium,2/124,176/28564,0.1778933132884254,0.3582100970901109,0.31883114654241723,17472/100702,2
GO:0061572,actin filament bundle organization,2/124,176/28564,0.1778933132884254,0.3582100970901109,0.31883114654241723,59030/19229,2
GO:0071248,cellular response to metal ion,2/124,176/28564,0.1778933132884254,0.3582100970901109,0.31883114654241723,54524/50765,2
GO:0002476,antigen processing and presentation of endogenous peptide antigen via MHC class Ib,1/124,45/28564,0.17792801646261258,0.3582100970901109,0.31883114654241723,15015,1
GO:0002484,antigen processing and presentation of endogenous peptide antigen via MHC class I via ER pathway,1/124,45/28564,0.17792801646261258,0.3582100970901109,0.31883114654241723,15015,1
GO:0010559,regulation of glycoprotein biosynthetic process,1/124,45/28564,0.17792801646261258,0.3582100970901109,0.31883114654241723,230379,1
GO:0010830,regulation of myotube differentiation,1/124,45/28564,0.17792801646261258,0.3582100970901109,0.31883114654241723,434246,1
GO:0014046,dopamine secretion,1/124,45/28564,0.17792801646261258,0.3582100970901109,0.31883114654241723,54524,1
GO:0045494,photoreceptor cell maintenance,1/124,45/28564,0.17792801646261258,0.3582100970901109,0.31883114654241723,59030,1
GO:0046636,negative regulation of alpha-beta T cell activation,1/124,45/28564,0.17792801646261258,0.3582100970901109,0.31883114654241723,60533,1
GO:0050918,positive chemotaxis,1/124,45/28564,0.17792801646261258,0.3582100970901109,0.31883114654241723,18205,1
GO:0051180,vitamin transport,1/124,45/28564,0.17792801646261258,0.3582100970901109,0.31883114654241723,20528,1
GO:0099590,neurotransmitter receptor internalization,1/124,45/28564,0.17792801646261258,0.3582100970901109,0.31883114654241723,13491,1
GO:0002833,positive regulation of response to biotic stimulus,3/124,335/28564,0.17866434928660646,0.3586832506640006,0.3192522851358834,60533/18784/58203,3
GO:0010594,regulation of endothelial cell migration,2/124,177/28564,0.17944530889370014,0.3586832506640006,0.3192522851358834,14181/19229,2
GO:0050708,regulation of protein secretion,3/124,336/28564,0.1797419083692871,0.3586832506640006,0.3192522851358834,12290/13491/381853,3
GO:0046883,regulation of hormone secretion,3/124,337/28564,0.18082127326009514,0.3586832506640006,0.3192522851358834,12290/381853/50765,3
GO:0051402,neuron apoptotic process,3/124,337/28564,0.18082127326009514,0.3586832506640006,0.3192522851358834,17136/18205/19229,3
GO:0050851,antigen receptor-mediated signaling pathway,2/124,178/28564,0.180999414681082,0.3586832506640006,0.3192522851358834,50723/17441,2
GO:0001937,negative regulation of endothelial cell proliferation,1/124,46/28564,0.1815023678058798,0.3586832506640006,0.3192522851358834,16840,1
GO:0002347,response to tumor cell,1/124,46/28564,0.1815023678058798,0.3586832506640006,0.3192522851358834,60533,1
GO:0002428,antigen processing and presentation of peptide antigen via MHC class Ib,1/124,46/28564,0.1815023678058798,0.3586832506640006,0.3192522851358834,15015,1
GO:0002931,response to ischemia,1/124,46/28564,0.1815023678058798,0.3586832506640006,0.3192522851358834,19229,1
GO:0003382,epithelial cell morphogenesis,1/124,46/28564,0.1815023678058798,0.3586832506640006,0.3192522851358834,16840,1
GO:0032660,regulation of interleukin-17 production,1/124,46/28564,0.1815023678058798,0.3586832506640006,0.3192522851358834,16161,1
GO:0032768,regulation of monooxygenase activity,1/124,46/28564,0.1815023678058798,0.3586832506640006,0.3192522851358834,19229,1
GO:0048265,response to pain,1/124,46/28564,0.1815023678058798,0.3586832506640006,0.3192522851358834,12290,1
GO:0048489,synaptic vesicle transport,1/124,46/28564,0.1815023678058798,0.3586832506640006,0.3192522851358834,20528,1
GO:0048854,brain morphogenesis,1/124,46/28564,0.1815023678058798,0.3586832506640006,0.3192522851358834,59030,1
GO:0072337,modified amino acid transport,1/124,46/28564,0.1815023678058798,0.3586832506640006,0.3192522851358834,11989,1
GO:0006606,protein import into nucleus,2/124,179/28564,0.18255558360963994,0.3603745899148136,0.3207576911445623,11815/17472,2
GO:1902074,response to salt,3/124,340/28564,0.1840700394033979,0.361450518340408,0.321715340011293,13491/381853/54524,3
GO:0051100,negative regulation of binding,2/124,180/28564,0.1841137690008367,0.361450518340408,0.321715340011293,69563/278507,2
GO:0002686,negative regulation of leukocyte migration,1/124,47/28564,0.18506130273792487,0.361450518340408,0.321715340011293,11815,1
GO:0042417,dopamine metabolic process,1/124,47/28564,0.18506130273792487,0.361450518340408,0.321715340011293,13491,1
GO:0045910,negative regulation of DNA recombination,1/124,47/28564,0.18506130273792487,0.361450518340408,0.321715340011293,50709,1
GO:0048246,macrophage chemotaxis,1/124,47/28564,0.18506130273792487,0.361450518340408,0.321715340011293,19229,1
GO:0050685,positive regulation of mRNA processing,1/124,47/28564,0.18506130273792487,0.361450518340408,0.321715340011293,12696,1
GO:0072538,T-helper 17 type immune response,1/124,47/28564,0.18506130273792487,0.361450518340408,0.321715340011293,16161,1
GO:1901385,regulation of voltage-gated calcium channel activity,1/124,47/28564,0.18506130273792487,0.361450518340408,0.321715340011293,13491,1
GO:0031214,biomineral tissue development,2/124,181/28564,0.18567392453631032,0.361450518340408,0.321715340011293,27047/19229,2
GO:0043487,regulation of RNA stability,2/124,181/28564,0.18567392453631032,0.361450518340408,0.321715340011293,12696/244551,2
GO:0045766,positive regulation of angiogenesis,2/124,181/28564,0.18567392453631032,0.361450518340408,0.321715340011293,23796/19229,2
GO:1904018,positive regulation of vasculature development,2/124,181/28564,0.18567392453631032,0.361450518340408,0.321715340011293,23796/19229,2
GO:0015833,peptide transport,3/124,342/28564,0.18624461342201656,0.36217536113802157,0.32236049898951136,12290/381853/50765,3
GO:0002701,negative regulation of production of molecular mediator of immune response,1/124,48/28564,0.18860488721246627,0.36519992756797603,0.32505256710956076,69550,1
GO:0030517,negative regulation of axon extension,1/124,48/28564,0.18860488721246627,0.36519992756797603,0.32505256710956076,17136,1
GO:0071300,cellular response to retinoic acid,1/124,48/28564,0.18860488721246627,0.36519992756797603,0.32505256710956076,19229,1
GO:2001258,negative regulation of cation channel activity,1/124,48/28564,0.18860488721246627,0.36519992756797603,0.32505256710956076,13491,1
GO:0071466,cellular response to xenobiotic stimulus,2/124,183/28564,0.18879996255430961,0.36519992756797603,0.32505256710956076,13113/20887,2
GO:0051170,import into nucleus,2/124,184/28564,0.19036575418121512,0.3665989543213627,0.3262977952799816,11815/17472,2
GO:0006066,alcohol metabolic process,3/124,346/28564,0.19061412877527437,0.3665989543213627,0.3262977952799816,230379/11812/19229,3
GO:0055074,calcium ion homeostasis,3/124,347/28564,0.19171065646281207,0.3665989543213627,0.3262977952799816,23796/17357/19229,3
GO:0062197,cellular response to chemical stress,3/124,347/28564,0.19171065646281207,0.3665989543213627,0.3262977952799816,12062/23876/20528,3
GO:0061013,regulation of mRNA catabolic process,2/124,185/28564,0.191933334236809,0.3665989543213627,0.3262977952799816,12696/244551,2
GO:0009409,response to cold,1/124,49/28564,0.19213318690336478,0.3665989543213627,0.3262977952799816,12696,1
GO:0030890,positive regulation of B cell proliferation,1/124,49/28564,0.19213318690336478,0.3665989543213627,0.3262977952799816,12182,1
GO:0032620,interleukin-17 production,1/124,49/28564,0.19213318690336478,0.3665989543213627,0.3262977952799816,16161,1
GO:0042304,regulation of fatty acid biosynthetic process,1/124,49/28564,0.19213318690336478,0.3665989543213627,0.3262977952799816,11812,1
GO:0048483,autonomic nervous system development,1/124,49/28564,0.19213318690336478,0.3665989543213627,0.3262977952799816,18205,1
GO:0097300,programmed necrotic cell death,1/124,49/28564,0.19213318690336478,0.3665989543213627,0.3262977952799816,58203,1
GO:1900077,negative regulation of cellular response to insulin stimulus,1/124,49/28564,0.19213318690336478,0.3665989543213627,0.3262977952799816,434246,1
GO:1905521,regulation of macrophage migration,1/124,49/28564,0.19213318690336478,0.3665989543213627,0.3262977952799816,19229,1
GO:0071214,cellular response to abiotic stimulus,3/124,349/28564,0.19390857766155886,0.3671634983738883,0.3268002775634309,114230/12062/20528,3
GO:0104004,cellular response to environmental stimulus,3/124,349/28564,0.19390857766155886,0.3671634983738883,0.3268002775634309,114230/12062/20528,3
GO:0071356,cellular response to tumor necrosis factor,2/124,187/28564,0.19507368177997955,0.3671634983738883,0.3268002775634309,19229/20528,2
GO:0002475,antigen processing and presentation via MHC class Ib,1/124,50/28564,0.19564626720580136,0.3671634983738883,0.3268002775634309,15015,1
GO:0002483,antigen processing and presentation of endogenous peptide antigen,1/124,50/28564,0.19564626720580136,0.3671634983738883,0.3268002775634309,15015,1
GO:0017158,regulation of calcium ion-dependent exocytosis,1/124,50/28564,0.19564626720580136,0.3671634983738883,0.3268002775634309,54524,1
GO:0019885,antigen processing and presentation of endogenous peptide antigen via MHC class I,1/124,50/28564,0.19564626720580136,0.3671634983738883,0.3268002775634309,15015,1
GO:0031146,SCF-dependent proteasomal ubiquitin-dependent protein catabolic process,1/124,50/28564,0.19564626720580136,0.3671634983738883,0.3268002775634309,74165,1
GO:0033628,regulation of cell adhesion mediated by integrin,1/124,50/28564,0.19564626720580136,0.3671634983738883,0.3268002775634309,230379,1
GO:0043647,inositol phosphate metabolic process,1/124,50/28564,0.19564626720580136,0.3671634983738883,0.3268002775634309,19229,1
GO:0045806,negative regulation of endocytosis,1/124,50/28564,0.19564626720580136,0.3671634983738883,0.3268002775634309,11812,1
GO:0048009,insulin-like growth factor receptor signaling pathway,1/124,50/28564,0.19564626720580136,0.3671634983738883,0.3268002775634309,434246,1
GO:0070232,regulation of T cell apoptotic process,1/124,50/28564,0.19564626720580136,0.3671634983738883,0.3268002775634309,60533,1
GO:0099068,postsynapse assembly,1/124,50/28564,0.19564626720580136,0.3671634983738883,0.3268002775634309,19229,1
GO:1903018,regulation of glycoprotein metabolic process,1/124,50/28564,0.19564626720580136,0.3671634983738883,0.3268002775634309,230379,1
GO:2000404,regulation of T cell migration,1/124,50/28564,0.19564626720580136,0.3671634983738883,0.3268002775634309,11815,1
GO:0008202,steroid metabolic process,3/124,351/28564,0.19611287960944143,0.3676613122862834,0.32724336552142824,11812/13113/20887,3
GO:0043087,regulation of GTPase activity,3/124,353/28564,0.19832343428110621,0.37142419589466663,0.33059258572742567,59030/18205/19229,3
GO:0032392,DNA geometric change,1/124,51/28564,0.19914419323745158,0.37181727694436256,0.33094245437372216,21973,1
GO:0042088,T-helper 1 type immune response,1/124,51/28564,0.19914419323745158,0.37181727694436256,0.33094245437372216,16161,1
GO:0046456,icosanoid biosynthetic process,1/124,51/28564,0.19914419323745158,0.37181727694436256,0.33094245437372216,18784,1
GO:0071900,regulation of protein serine/threonine kinase activity,3/124,354/28564,0.19943101650615483,0.3719724577530528,0.3310805757599087,13491/18205/19229,3
GO:0007612,learning,2/124,190/28564,0.19979651378936536,0.37227391242793995,0.3313488907527177,12290/13491,2
GO:0016050,vesicle organization,3/124,355/28564,0.20054011411220482,0.37327854064106625,0.33224307762137917,18784/20528/434246,3
GO:0046631,alpha-beta T cell activation,2/124,191/28564,0.2013739009359048,0.37444882190322015,0.33328470687644657,60533/16161,2
GO:0003197,endocardial cushion development,1/124,52/28564,0.20262702983965275,0.37547290926330773,0.3341962136983613,23796,1
GO:0010518,positive regulation of phospholipase activity,1/124,52/28564,0.20262702983965275,0.37547290926330773,0.3341962136983613,18784,1
GO:0050974,detection of mechanical stimulus involved in sensory perception,1/124,52/28564,0.20262702983965275,0.37547290926330773,0.3341962136983613,59030,1
GO:0048660,regulation of smooth muscle cell proliferation,2/124,192/28564,0.20295277187452615,0.37547290926330773,0.3341962136983613,11815/13491,2
GO:0050731,positive regulation of peptidyl-tyrosine phosphorylation,2/124,192/28564,0.20295277187452615,0.37547290926330773,0.3341962136983613,18205/19229,2
GO:0006338,chromatin remodeling,3/124,358/28564,0.20387634065315127,0.37636561895937215,0.3349907855382894,50709/319149/97122,3
GO:0046887,positive regulation of hormone secretion,2/124,193/28564,0.20453308444046614,0.37636561895937215,0.3349907855382894,381853/50765,2
GO:1902806,regulation of cell cycle G1/S phase transition,2/124,193/28564,0.20453308444046614,0.37636561895937215,0.3349907855382894,12696/118454,2
GO:0019883,antigen processing and presentation of endogenous antigen,1/124,53/28564,0.2060948415785656,0.37636561895937215,0.3349907855382894,15015,1
GO:0030838,positive regulation of actin filament polymerization,1/124,53/28564,0.2060948415785656,0.37636561895937215,0.3349907855382894,19229,1
GO:0030850,prostate gland development,1/124,53/28564,0.2060948415785656,0.37636561895937215,0.3349907855382894,21923,1
GO:0031279,regulation of cyclase activity,1/124,53/28564,0.2060948415785656,0.37636561895937215,0.3349907855382894,11434,1
GO:0048247,lymphocyte chemotaxis,1/124,53/28564,0.2060948415785656,0.37636561895937215,0.3349907855382894,19229,1
GO:0060412,ventricular septum morphogenesis,1/124,53/28564,0.2060948415785656,0.37636561895937215,0.3349907855382894,23796,1
GO:1902930,regulation of alcohol biosynthetic process,1/124,53/28564,0.2060948415785656,0.37636561895937215,0.3349907855382894,19229,1
GO:1990748,cellular detoxification,1/124,53/28564,0.2060948415785656,0.37636561895937215,0.3349907855382894,23876,1
GO:0040013,negative regulation of locomotion,3/124,360/28564,0.20610777842307218,0.37636561895937215,0.3349907855382894,11815/69550/13491,3
GO:0050792,regulation of viral process,2/124,194/28564,0.20611479680140862,0.37636561895937215,0.3349907855382894,69550/21973,2
GO:0002042,cell migration involved in sprouting angiogenesis,1/124,54/28564,0.20954769274633467,0.380351975104182,0.33853891137421865,14181,1
GO:0007617,mating behavior,1/124,54/28564,0.20954769274633467,0.380351975104182,0.33853891137421865,13491,1
GO:0009583,detection of light stimulus,1/124,54/28564,0.20954769274633467,0.380351975104182,0.33853891137421865,114230,1
GO:0033120,positive regulation of RNA splicing,1/124,54/28564,0.20954769274633467,0.380351975104182,0.33853891137421865,12696,1
GO:0043550,regulation of lipid kinase activity,1/124,54/28564,0.20954769274633467,0.380351975104182,0.33853891137421865,19229,1
GO:1902622,regulation of neutrophil migration,1/124,54/28564,0.20954769274633467,0.380351975104182,0.33853891137421865,12182,1
GO:0008154,actin polymerization or depolymerization,2/124,197/28564,0.21086791927478538,0.3823682428954897,0.3403335256993348,59030/19229,2
GO:0032715,negative regulation of interleukin-6 production,1/124,55/28564,0.2129856473622399,0.3850611802806436,0.34273042160218703,96875,1
GO:0089718,amino acid import across plasma membrane,1/124,55/28564,0.2129856473622399,0.3850611802806436,0.34273042160218703,11989,1
GO:0099084,postsynaptic specialization organization,1/124,55/28564,0.2129856473622399,0.3850611802806436,0.34273042160218703,19229,1
GO:0045861,negative regulation of proteolysis,3/124,368/28564,0.21508910356728445,0.3884794293905652,0.3457728938600523,16426/18788/278507,3
GO:0048659,smooth muscle cell proliferation,2/124,200/28564,0.21563216542605648,0.38855694445569594,0.34584188749616335,11815/13491,2
GO:0032814,regulation of natural killer cell activation,1/124,56/28564,0.216408769173846,0.38855694445569594,0.34584188749616335,16161,1
GO:0051339,regulation of lyase activity,1/124,56/28564,0.216408769173846,0.38855694445569594,0.34584188749616335,11434,1
GO:0051568,histone H3-K4 methylation,1/124,56/28564,0.216408769173846,0.38855694445569594,0.34584188749616335,50709,1
GO:0070509,calcium ion import,1/124,56/28564,0.216408769173846,0.38855694445569594,0.34584188749616335,12290,1
GO:0072132,mesenchyme morphogenesis,1/124,56/28564,0.216408769173846,0.38855694445569594,0.34584188749616335,23796,1
GO:0007131,reciprocal meiotic recombination,1/124,57/28564,0.21981712165814649,0.39274565963578817,0.34957012652196745,21973,1
GO:0031018,endocrine pancreas development,1/124,57/28564,0.21981712165814649,0.39274565963578817,0.34957012652196745,381853,1
GO:0043507,positive regulation of JUN kinase activity,1/124,57/28564,0.21981712165814649,0.39274565963578817,0.34957012652196745,19229,1
GO:0048713,regulation of oligodendrocyte differentiation,1/124,57/28564,0.21981712165814649,0.39274565963578817,0.34957012652196745,226115,1
GO:0140527,reciprocal homologous recombination,1/124,57/28564,0.21981712165814649,0.39274565963578817,0.34957012652196745,21973,1
GO:0007259,receptor signaling pathway via JAK-STAT,2/124,203/28564,0.22040645843280868,0.3934136784929703,0.3501647083606077,16161/19229,2
GO:0045860,positive regulation of protein kinase activity,3/124,373/28564,0.22074505995358745,0.3936332807375495,0.35036016916975643,13491/18205/19229,3
GO:0002695,negative regulation of leukocyte activation,2/124,204/28564,0.2219999396521889,0.39418071799753757,0.35084742525404855,60533/18784,2
GO:0051495,positive regulation of cytoskeleton organization,2/124,204/28564,0.2219999396521889,0.39418071799753757,0.35084742525404855,18205/19229,2
GO:0007528,neuromuscular junction development,1/124,58/28564,0.223210768022702,0.39418071799753757,0.35084742525404855,21923,1
GO:0030514,negative regulation of BMP signaling pathway,1/124,58/28564,0.223210768022702,0.39418071799753757,0.35084742525404855,74499,1
GO:0043030,regulation of macrophage activation,1/124,58/28564,0.223210768022702,0.39418071799753757,0.35084742525404855,18784,1
GO:0043536,positive regulation of blood vessel endothelial cell migration,1/124,58/28564,0.223210768022702,0.39418071799753757,0.35084742525404855,14181,1
GO:0050732,negative regulation of peptidyl-tyrosine phosphorylation,1/124,58/28564,0.223210768022702,0.39418071799753757,0.35084742525404855,18205,1
GO:0060337,type I interferon-mediated signaling pathway,1/124,58/28564,0.223210768022702,0.39418071799753757,0.35084742525404855,58203,1
GO:0071357,cellular response to type I interferon,1/124,58/28564,0.223210768022702,0.39418071799753757,0.35084742525404855,58203,1
GO:0072527,pyrimidine-containing compound metabolic process,1/124,58/28564,0.223210768022702,0.39418071799753757,0.35084742525404855,227231,1
GO:0032271,regulation of protein polymerization,2/124,206/28564,0.22518974709788533,0.3958998390771243,0.3523775589641321,59030/19229,2
GO:0001961,positive regulation of cytokine-mediated signaling pathway,1/124,59/28564,0.22658977120677515,0.3958998390771243,0.3523775589641321,58203,1
GO:0031124,mRNA 3'-end processing,1/124,59/28564,0.22658977120677515,0.3958998390771243,0.3523775589641321,52670,1
GO:0042743,hydrogen peroxide metabolic process,1/124,59/28564,0.22658977120677515,0.3958998390771243,0.3523775589641321,14778,1
GO:0051055,negative regulation of lipid biosynthetic process,1/124,59/28564,0.22658977120677515,0.3958998390771243,0.3523775589641321,11812,1
GO:0051123,RNA polymerase II preinitiation complex assembly,1/124,59/28564,0.22658977120677515,0.3958998390771243,0.3523775589641321,74469,1
GO:0071103,DNA conformation change,1/124,59/28564,0.22658977120677515,0.3958998390771243,0.3523775589641321,21973,1
GO:1903350,response to dopamine,1/124,59/28564,0.22658977120677515,0.3958998390771243,0.3523775589641321,13491,1
GO:1903351,cellular response to dopamine,1/124,59/28564,0.22658977120677515,0.3958998390771243,0.3523775589641321,13491,1
GO:1905953,negative regulation of lipid localization,1/124,59/28564,0.22658977120677515,0.3958998390771243,0.3523775589641321,11812,1
GO:2000300,regulation of synaptic vesicle exocytosis,1/124,59/28564,0.22658977120677515,0.3958998390771243,0.3523775589641321,12290,1
GO:0034612,response to tumor necrosis factor,2/124,207/28564,0.2267859976312552,0.3958998390771243,0.3523775589641321,19229/20528,2
GO:0030258,lipid modification,2/124,208/28564,0.22838309608550028,0.39725294042513665,0.35358191042624726,11815/13113,2
GO:0098739,import across plasma membrane,2/124,208/28564,0.22838309608550028,0.39725294042513665,0.35358191042624726,12290/11989,2
GO:0002204,somatic recombination of immunoglobulin genes involved in immune response,1/124,60/28564,0.22995419388245864,0.39725294042513665,0.35358191042624726,50723,1
GO:0002208,somatic diversification of immunoglobulins involved in immune response,1/124,60/28564,0.22995419388245864,0.39725294042513665,0.35358191042624726,50723,1
GO:0002474,antigen processing and presentation of peptide antigen via MHC class I,1/124,60/28564,0.22995419388245864,0.39725294042513665,0.35358191042624726,15015,1
GO:0045190,isotype switching,1/124,60/28564,0.22995419388245864,0.39725294042513665,0.35358191042624726,50723,1
GO:0051353,positive regulation of oxidoreductase activity,1/124,60/28564,0.22995419388245864,0.39725294042513665,0.35358191042624726,19229,1
GO:0060632,regulation of microtubule-based movement,1/124,60/28564,0.22995419388245864,0.39725294042513665,0.35358191042624726,59030,1
GO:0071622,regulation of granulocyte chemotaxis,1/124,60/28564,0.22995419388245864,0.39725294042513665,0.35358191042624726,12182,1
GO:0097237,cellular response to toxic substance,1/124,60/28564,0.22995419388245864,0.39725294042513665,0.35358191042624726,23876,1
GO:2000649,regulation of sodium ion transmembrane transporter activity,1/124,60/28564,0.22995419388245864,0.39725294042513665,0.35358191042624726,13491,1
GO:0022408,negative regulation of cell-cell adhesion,2/124,211/28564,0.23317910962044472,0.39926268395528985,0.3553707177188952,60533/18784,2
GO:0097696,receptor signaling pathway via STAT,2/124,211/28564,0.23317910962044472,0.39926268395528985,0.3553707177188952,16161/19229,2
GO:0000288,"nuclear-transcribed mRNA catabolic process, deadenylation-dependent decay",1/124,61/28564,0.2333040984558019,0.39926268395528985,0.3553707177188952,244551,1
GO:0001916,positive regulation of T cell mediated cytotoxicity,1/124,61/28564,0.2333040984558019,0.39926268395528985,0.3553707177188952,15015,1
GO:0015872,dopamine transport,1/124,61/28564,0.2333040984558019,0.39926268395528985,0.3553707177188952,54524,1
GO:0043392,negative regulation of DNA binding,1/124,61/28564,0.2333040984558019,0.39926268395528985,0.3553707177188952,278507,1
GO:0097479,synaptic vesicle localization,1/124,61/28564,0.2333040984558019,0.39926268395528985,0.3553707177188952,20528,1
GO:0099171,presynaptic modulation of chemical synaptic transmission,1/124,61/28564,0.2333040984558019,0.39926268395528985,0.3553707177188952,13491,1
GO:1900015,regulation of cytokine production involved in inflammatory response,1/124,61/28564,0.2333040984558019,0.39926268395528985,0.3553707177188952,11815,1
GO:1903053,regulation of extracellular matrix organization,1/124,61/28564,0.2333040984558019,0.39926268395528985,0.3553707177188952,18073,1
GO:0031032,actomyosin structure organization,2/124,212/28564,0.2347792319023728,0.40141093394544264,0.3572828051027633,59030/19229,2
GO:0045017,glycerolipid biosynthetic process,2/124,213/28564,0.2363800196679559,0.40308191506160485,0.3587700909985115,232889/18784,2
GO:0048255,mRNA stabilization,1/124,62/28564,0.2366395470679301,0.40308191506160485,0.3587700909985115,12696,1
GO:0048599,oocyte development,1/124,62/28564,0.2366395470679301,0.40308191506160485,0.3587700909985115,19229,1
GO:0090311,regulation of protein deacetylation,1/124,62/28564,0.2366395470679301,0.40308191506160485,0.3587700909985115,23796,1
GO:0035176,social behavior,1/124,63/28564,0.23996060159615873,0.40835792965012657,0.3634660998327062,59030,1
GO:0072330,monocarboxylic acid biosynthetic process,2/124,216/28564,0.2411860213277485,0.4094065741882255,0.3643994641993545,11812/18823,2
GO:0001947,heart looping,1/124,64/28564,0.24326732365510662,0.4094065741882255,0.3643994641993545,23796,1
GO:0010517,regulation of phospholipase activity,1/124,64/28564,0.24326732365510662,0.4094065741882255,0.3643994641993545,18784,1
GO:0032653,regulation of interleukin-10 production,1/124,64/28564,0.24326732365510662,0.4094065741882255,0.3643994641993545,60533,1
GO:0034340,response to type I interferon,1/124,64/28564,0.24326732365510662,0.4094065741882255,0.3643994641993545,58203,1
GO:0035825,homologous recombination,1/124,64/28564,0.24326732365510662,0.4094065741882255,0.3643994641993545,21973,1
GO:0045778,positive regulation of ossification,1/124,64/28564,0.24326732365510662,0.4094065741882255,0.3643994641993545,16840,1
GO:0048260,positive regulation of receptor-mediated endocytosis,1/124,64/28564,0.24326732365510662,0.4094065741882255,0.3643994641993545,18205,1
GO:0050873,brown fat cell differentiation,1/124,64/28564,0.24326732365510662,0.4094065741882255,0.3643994641993545,20528,1
GO:0060193,positive regulation of lipase activity,1/124,64/28564,0.24326732365510662,0.4094065741882255,0.3643994641993545,18784,1
GO:0060324,face development,1/124,64/28564,0.24326732365510662,0.4094065741882255,0.3643994641993545,59030,1
GO:0070988,demethylation,1/124,64/28564,0.24326732365510662,0.4094065741882255,0.3643994641993545,13113,1
GO:0032496,response to lipopolysaccharide,3/124,394/28564,0.24481104767955011,0.4107829821310064,0.3656245601027693,60533/227231/100702,3
GO:0051216,cartilage development,2/124,219/28564,0.24599674815843886,0.4107829821310064,0.3656245601027693,16840/59030,2
GO:0001523,retinoid metabolic process,1/124,65/28564,0.2465597745978001,0.4107829821310064,0.3656245601027693,13113,1
GO:0003170,heart valve development,1/124,65/28564,0.2465597745978001,0.4107829821310064,0.3656245601027693,23796,1
GO:0009994,oocyte differentiation,1/124,65/28564,0.2465597745978001,0.4107829821310064,0.3656245601027693,19229,1
GO:0010656,negative regulation of muscle cell apoptotic process,1/124,65/28564,0.2465597745978001,0.4107829821310064,0.3656245601027693,19229,1
GO:0033344,cholesterol efflux,1/124,65/28564,0.2465597745978001,0.4107829821310064,0.3656245601027693,11812,1
GO:0051893,regulation of focal adhesion assembly,1/124,65/28564,0.2465597745978001,0.4107829821310064,0.3656245601027693,11815,1
GO:0060760,positive regulation of response to cytokine stimulus,1/124,65/28564,0.2465597745978001,0.4107829821310064,0.3656245601027693,58203,1
GO:0070897,transcription preinitiation complex assembly,1/124,65/28564,0.2465597745978001,0.4107829821310064,0.3656245601027693,74469,1
GO:0090109,regulation of cell-substrate junction assembly,1/124,65/28564,0.2465597745978001,0.4107829821310064,0.3656245601027693,11815,1
GO:0008654,phospholipid biosynthetic process,2/124,220/28564,0.24760121372832652,0.41214203853046877,0.36683421196232424,232889/18784,2
GO:0032869,cellular response to insulin stimulus,2/124,221/28564,0.24920606805052536,0.41360309731063655,0.3681346528204432,20528/434246,2
GO:0050796,regulation of insulin secretion,2/124,221/28564,0.24920606805052536,0.41360309731063655,0.3681346528204432,12290/381853,2
GO:0032007,negative regulation of TOR signaling,1/124,66/28564,0.24983801551677554,0.41360309731063655,0.3681346528204432,73542,1
GO:0045071,negative regulation of viral genome replication,1/124,66/28564,0.24983801551677554,0.41360309731063655,0.3681346528204432,69550,1
GO:0048008,platelet-derived growth factor receptor signaling pathway,1/124,66/28564,0.24983801551677554,0.41360309731063655,0.3681346528204432,11815,1
GO:0051703,biological process involved in intraspecies interaction between organisms,1/124,66/28564,0.24983801551677554,0.41360309731063655,0.3681346528204432,59030,1
GO:0008217,regulation of blood pressure,2/124,222/28564,0.25081127780822043,0.4144972626275232,0.3689305202610802,12062/59030,2
GO:0002285,lymphocyte activation involved in immune response,2/124,223/28564,0.2524168099619303,0.4144972626275232,0.3689305202610802,50723/19229,2
GO:0001954,positive regulation of cell-matrix adhesion,1/124,67/28564,0.25310210724517435,0.4144972626275232,0.3689305202610802,19229,1
GO:0002534,cytokine production involved in inflammatory response,1/124,67/28564,0.25310210724517435,0.4144972626275232,0.3689305202610802,11815,1
GO:0016101,diterpenoid metabolic process,1/124,67/28564,0.25310210724517435,0.4144972626275232,0.3689305202610802,13113,1
GO:0030837,negative regulation of actin filament polymerization,1/124,67/28564,0.25310210724517435,0.4144972626275232,0.3689305202610802,59030,1
GO:0032613,interleukin-10 production,1/124,67/28564,0.25310210724517435,0.4144972626275232,0.3689305202610802,60533,1
GO:0032835,glomerulus development,1/124,67/28564,0.25310210724517435,0.4144972626275232,0.3689305202610802,18073,1
GO:0050982,detection of mechanical stimulus,1/124,67/28564,0.25310210724517435,0.4144972626275232,0.3689305202610802,59030,1
GO:0072678,T cell migration,1/124,67/28564,0.25310210724517435,0.4144972626275232,0.3689305202610802,11815,1
GO:1903556,negative regulation of tumor necrosis factor superfamily cytokine production,1/124,67/28564,0.25310210724517435,0.4144972626275232,0.3689305202610802,60533,1
GO:1905517,macrophage migration,1/124,67/28564,0.25310210724517435,0.4144972626275232,0.3689305202610802,19229,1
GO:0006836,neurotransmitter transport,2/124,225/28564,0.25562871067566983,0.415459647194954,0.36978710743587306,12290/13491,2
GO:0007188,adenylate cyclase-modulating G protein-coupled receptor signaling pathway,2/124,225/28564,0.25562871067566983,0.415459647194954,0.36978710743587306,13491/381853,2
GO:2000241,regulation of reproductive process,2/124,225/28564,0.25562871067566983,0.415459647194954,0.36978710743587306,13491/12659,2
GO:0001914,regulation of T cell mediated cytotoxicity,1/124,68/28564,0.2563521103578388,0.415459647194954,0.36978710743587306,15015,1
GO:0019098,reproductive behavior,1/124,68/28564,0.2563521103578388,0.415459647194954,0.36978710743587306,13491,1
GO:0030330,"DNA damage response, signal transduction by p53 class mediator",1/124,68/28564,0.2563521103578388,0.415459647194954,0.36978710743587306,230379,1
GO:0051148,negative regulation of muscle cell differentiation,1/124,68/28564,0.2563521103578388,0.415459647194954,0.36978710743587306,434246,1
GO:0070231,T cell apoptotic process,1/124,68/28564,0.2563521103578388,0.415459647194954,0.36978710743587306,60533,1
GO:0070265,necrotic cell death,1/124,68/28564,0.2563521103578388,0.415459647194954,0.36978710743587306,58203,1
GO:2000134,negative regulation of G1/S transition of mitotic cell cycle,1/124,68/28564,0.2563521103578388,0.415459647194954,0.36978710743587306,118454,1
GO:0032535,regulation of cellular component size,3/124,404/28564,0.2564200560726797,0.415459647194954,0.36978710743587306,17136/59030/19229,3
GO:0046879,hormone secretion,3/124,404/28564,0.2564200560726797,0.415459647194954,0.36978710743587306,12290/381853/50765,3
GO:0007623,circadian rhythm,2/124,226/28564,0.25723501452773784,0.4160417506887948,0.37030521880642137,13491/21973,2
GO:0017157,regulation of exocytosis,2/124,226/28564,0.25723501452773784,0.4160417506887948,0.37030521880642137,12290/54524,2
GO:1901214,regulation of neuron death,3/124,405/28564,0.25758539741145375,0.4161614078356411,0.3704117217376087,17136/18205/19229,3
GO:0033157,regulation of intracellular protein transport,2/124,227/28564,0.2588415113564528,0.4161614078356411,0.3704117217376087,11815/17472,2
GO:0048469,cell maturation,2/124,227/28564,0.2588415113564528,0.4161614078356411,0.3704117217376087,107993/19229,2
GO:0050866,negative regulation of cell activation,2/124,227/28564,0.2588415113564528,0.4161614078356411,0.3704117217376087,60533/18784,2
GO:0001655,urogenital system development,1/124,69/28564,0.25958808517239607,0.4161614078356411,0.3704117217376087,21923,1
GO:0006801,superoxide metabolic process,1/124,69/28564,0.25958808517239607,0.4161614078356411,0.3704117217376087,23876,1
GO:0016447,somatic recombination of immunoglobulin gene segments,1/124,69/28564,0.25958808517239607,0.4161614078356411,0.3704117217376087,50723,1
GO:0048524,positive regulation of viral process,1/124,69/28564,0.25958808517239607,0.4161614078356411,0.3704117217376087,21973,1
GO:0050433,regulation of catecholamine secretion,1/124,69/28564,0.25958808517239607,0.4161614078356411,0.3704117217376087,54524,1
GO:1902475,L-alpha-amino acid transmembrane transport,1/124,69/28564,0.25958808517239607,0.4161614078356411,0.3704117217376087,11989,1
GO:0070374,positive regulation of ERK1 and ERK2 cascade,2/124,228/28564,0.2604481694830019,0.41717399778593117,0.3713129950893398,18784/19229,2
GO:0034655,nucleobase-containing compound catabolic process,3/124,408/28564,0.26108587150015616,0.4172967195966333,0.3714222257780607,12696/66705/244551,3
GO:0001885,endothelial cell development,1/124,70/28564,0.2628100917503441,0.4172967195966333,0.3714222257780607,16840,1
GO:0006749,glutathione metabolic process,1/124,70/28564,0.2628100917503441,0.4172967195966333,0.3714222257780607,14778,1
GO:0042149,cellular response to glucose starvation,1/124,70/28564,0.2628100917503441,0.4172967195966333,0.3714222257780607,73542,1
GO:0050771,negative regulation of axonogenesis,1/124,70/28564,0.2628100917503441,0.4172967195966333,0.3714222257780607,17136,1
GO:0051480,regulation of cytosolic calcium ion concentration,1/124,70/28564,0.2628100917503441,0.4172967195966333,0.3714222257780607,17357,1
GO:0060425,lung morphogenesis,1/124,70/28564,0.2628100917503441,0.4172967195966333,0.3714222257780607,21923,1
GO:0061371,determination of heart left/right asymmetry,1/124,70/28564,0.2628100917503441,0.4172967195966333,0.3714222257780607,23796,1
GO:0150116,regulation of cell-substrate junction organization,1/124,70/28564,0.2628100917503441,0.4172967195966333,0.3714222257780607,11815,1
GO:1901264,carbohydrate derivative transport,1/124,70/28564,0.2628100917503441,0.4172967195966333,0.3714222257780607,228993,1
GO:0002520,immune system development,2/124,230/28564,0.26366184424766875,0.4173103219535925,0.3714343327931901,60533/50723,2
GO:0043542,endothelial cell migration,2/124,230/28564,0.26366184424766875,0.4173103219535925,0.3714343327931901,14181/19229,2
GO:0045216,cell-cell junction organization,2/124,230/28564,0.26366184424766875,0.4173103219535925,0.3714343327931901,23796/22239,2
GO:0006417,regulation of translation,3/124,411/28564,0.26459272894969577,0.4173103219535925,0.3714343327931901,12696/244551/19229,3
GO:0099504,synaptic vesicle cycle,2/124,231/28564,0.26526879885642074,0.4173103219535925,0.3714343327931901,12290/20528,2
GO:0003143,embryonic heart tube morphogenesis,1/124,71/28564,0.266018189898128,0.4173103219535925,0.3714343327931901,23796,1
GO:0006879,intracellular iron ion homeostasis,1/124,71/28564,0.266018189898128,0.4173103219535925,0.3714343327931901,50765,1
GO:0032371,regulation of sterol transport,1/124,71/28564,0.266018189898128,0.4173103219535925,0.3714343327931901,11812,1
GO:0032374,regulation of cholesterol transport,1/124,71/28564,0.266018189898128,0.4173103219535925,0.3714343327931901,11812,1
GO:0042246,tissue regeneration,1/124,71/28564,0.266018189898128,0.4173103219535925,0.3714343327931901,319903,1
GO:0050994,regulation of lipid catabolic process,1/124,71/28564,0.266018189898128,0.4173103219535925,0.3714343327931901,11812,1
GO:0070050,neuron cellular homeostasis,1/124,71/28564,0.266018189898128,0.4173103219535925,0.3714343327931901,17357,1
GO:0070098,chemokine-mediated signaling pathway,1/124,71/28564,0.266018189898128,0.4173103219535925,0.3714343327931901,19229,1
GO:0098754,detoxification,1/124,71/28564,0.266018189898128,0.4173103219535925,0.3714343327931901,23876,1
GO:0009914,hormone transport,3/124,413/28564,0.2669339962975753,0.41838753411104934,0.37239312426786203,12290/381853/50765,3
GO:0002237,response to molecule of bacterial origin,3/124,414/28564,0.2681055975976668,0.41872394712194505,0.3726925545375472,60533/227231/100702,3
GO:0031667,response to nutrient levels,3/124,414/28564,0.2681055975976668,0.41872394712194505,0.3726925545375472,109900/59030/73542,3
GO:0007193,adenylate cyclase-inhibiting G protein-coupled receptor signaling pathway,1/124,72/28564,0.2692124391682166,0.41872394712194505,0.3726925545375472,13491,1
GO:0035904,aorta development,1/124,72/28564,0.2692124391682166,0.41872394712194505,0.3726925545375472,23796,1
GO:0071868,cellular response to monoamine stimulus,1/124,72/28564,0.2692124391682166,0.41872394712194505,0.3726925545375472,13491,1
GO:0071870,cellular response to catecholamine stimulus,1/124,72/28564,0.2692124391682166,0.41872394712194505,0.3726925545375472,13491,1
GO:0099601,regulation of neurotransmitter receptor activity,1/124,72/28564,0.2692124391682166,0.41872394712194505,0.3726925545375472,19229,1
GO:1902305,regulation of sodium ion transmembrane transport,1/124,72/28564,0.2692124391682166,0.41872394712194505,0.3726925545375472,13491,1
GO:1902373,negative regulation of mRNA catabolic process,1/124,72/28564,0.2692124391682166,0.41872394712194505,0.3726925545375472,12696,1
GO:0030900,forebrain development,3/124,416/28564,0.2704506674111841,0.4202918456960189,0.3740880900182471,12140/59030/73710,3
GO:0030888,regulation of B cell proliferation,1/124,73/28564,0.27239289886017004,0.42187398924399533,0.37549630448649846,12182,1
GO:0043489,RNA stabilization,1/124,73/28564,0.27239289886017004,0.42187398924399533,0.37549630448649846,12696,1
GO:0046579,positive regulation of Ras protein signal transduction,1/124,73/28564,0.27239289886017004,0.42187398924399533,0.37549630448649846,574402,1
GO:0090501,RNA phosphodiester bond hydrolysis,1/124,73/28564,0.27239289886017004,0.42187398924399533,0.37549630448649846,52670,1
GO:0048545,response to steroid hormone,2/124,236/28564,0.27330352709444206,0.422567519453388,0.3761135931492656,11434/20887,2
GO:1901617,organic hydroxy compound biosynthetic process,2/124,236/28564,0.27330352709444206,0.422567519453388,0.3761135931492656,230379/19229,2
GO:0010976,positive regulation of neuron projection development,2/124,237/28564,0.27491025485718945,0.4231891343714358,0.3766668723522781,19229/73710,2
GO:0050679,positive regulation of epithelial cell proliferation,2/124,237/28564,0.27491025485718945,0.4231891343714358,0.3766668723522781,23796/14181,2
GO:0006721,terpenoid metabolic process,1/124,74/28564,0.2755596280217071,0.4231891343714358,0.3766668723522781,13113,1
GO:0034394,protein localization to cell surface,1/124,74/28564,0.2755596280217071,0.4231891343714358,0.3766668723522781,23876,1
GO:0043462,regulation of ATP-dependent activity,1/124,74/28564,0.2755596280217071,0.4231891343714358,0.3766668723522781,69563,1
GO:0043506,regulation of JUN kinase activity,1/124,74/28564,0.2755596280217071,0.4231891343714358,0.3766668723522781,19229,1
GO:0071677,positive regulation of mononuclear cell migration,1/124,74/28564,0.2755596280217071,0.4231891343714358,0.3766668723522781,19229,1
GO:0097194,execution phase of apoptosis,1/124,74/28564,0.2755596280217071,0.4231891343714358,0.3766668723522781,21973,1
GO:0008542,visual learning,1/124,75/28564,0.2787126854497627,0.42623899801613624,0.37938145669966816,12290,1
GO:0017156,calcium-ion regulated exocytosis,1/124,75/28564,0.2787126854497627,0.42623899801613624,0.37938145669966816,54524,1
GO:0071867,response to monoamine,1/124,75/28564,0.2787126854497627,0.42623899801613624,0.37938145669966816,13491,1
GO:0071869,response to catecholamine,1/124,75/28564,0.2787126854497627,0.42623899801613624,0.37938145669966816,13491,1
GO:1904705,regulation of vascular associated smooth muscle cell proliferation,1/124,75/28564,0.2787126854497627,0.42623899801613624,0.37938145669966816,13491,1
GO:0031330,negative regulation of cellular catabolic process,2/124,240/28564,0.27972947657722325,0.427436003539757,0.3804468723499077,11812/12696,2
GO:0016445,somatic diversification of immunoglobulins,1/124,76/28564,0.28185212969154827,0.42960099233453014,0.382373858398867,50723,1
GO:0045109,intermediate filament organization,1/124,76/28564,0.28185212969154827,0.42960099233453014,0.382373858398867,107993,1
GO:0050432,catecholamine secretion,1/124,76/28564,0.28185212969154827,0.42960099233453014,0.382373858398867,54524,1
GO:0001505,regulation of neurotransmitter levels,2/124,242/28564,0.2829412045212545,0.4305421995465089,0.3832115962989623,12290/13491,2
GO:0051651,maintenance of location in cell,2/124,242/28564,0.2829412045212545,0.4305421995465089,0.3832115962989623,23796/19229,2
GO:0002704,negative regulation of leukocyte mediated immunity,1/124,77/28564,0.2849780190456005,0.4318422097736651,0.38436869308268806,69550,1
GO:0140888,interferon-mediated signaling pathway,1/124,77/28564,0.2849780190456005,0.4318422097736651,0.38436869308268806,58203,1
GO:1903317,regulation of protein maturation,1/124,77/28564,0.2849780190456005,0.4318422097736651,0.38436869308268806,50765,1
GO:1905515,non-motile cilium assembly,1/124,77/28564,0.2849780190456005,0.4318422097736651,0.38436869308268806,59030,1
GO:2000514,"regulation of CD4-positive, alpha-beta T cell activation",1/124,77/28564,0.2849780190456005,0.4318422097736651,0.38436869308268806,60533,1
GO:0042886,amide transport,3/124,429/28564,0.28574733415586,0.4326489487301828,0.3850867451659666,12290/381853/50765,3
GO:0045664,regulation of neuron differentiation,2/124,244/28564,0.28615180161631915,0.43290239416023096,0.3853123286927979,17136/18205,2
GO:0006919,activation of cysteine-type endopeptidase activity involved in apoptotic process,1/124,78/28564,0.28809041156283144,0.43403720421924935,0.38632238618465503,230379,1
GO:0046635,positive regulation of alpha-beta T cell activation,1/124,78/28564,0.28809041156283144,0.43403720421924935,0.38632238618465503,16161,1
GO:0060976,coronary vasculature development,1/124,78/28564,0.28809041156283144,0.43403720421924935,0.38632238618465503,23796,1
GO:1902807,negative regulation of cell cycle G1/S phase transition,1/124,78/28564,0.28809041156283144,0.43403720421924935,0.38632238618465503,118454,1
GO:2000379,positive regulation of reactive oxygen species metabolic process,1/124,78/28564,0.28809041156283144,0.43403720421924935,0.38632238618465503,19229,1
GO:0042445,hormone metabolic process,2/124,246/28564,0.2893610479897888,0.4351160233853179,0.38728260800537895,13113/20887,2
GO:2001234,negative regulation of apoptotic signaling pathway,2/124,246/28564,0.2893610479897888,0.4351160233853179,0.38728260800537895,12062/244551,2
GO:0071241,cellular response to inorganic substance,2/124,247/28564,0.2909650969950991,0.4351160233853179,0.38728260800537895,54524/50765,2
GO:0002562,somatic diversification of immune receptors via germline recombination within a single locus,1/124,79/28564,0.29118936504756765,0.4351160233853179,0.38728260800537895,50723,1
GO:0007632,visual behavior,1/124,79/28564,0.29118936504756765,0.4351160233853179,0.38728260800537895,12290,1
GO:0015807,L-amino acid transport,1/124,79/28564,0.29118936504756765,0.4351160233853179,0.38728260800537895,11989,1
GO:0016444,somatic cell DNA recombination,1/124,79/28564,0.29118936504756765,0.4351160233853179,0.38728260800537895,50723,1
GO:0048488,synaptic vesicle endocytosis,1/124,79/28564,0.29118936504756765,0.4351160233853179,0.38728260800537895,20528,1
GO:0071347,cellular response to interleukin-1,1/124,79/28564,0.29118936504756765,0.4351160233853179,0.38728260800537895,58203,1
GO:1990874,vascular associated smooth muscle cell proliferation,1/124,79/28564,0.29118936504756765,0.4351160233853179,0.38728260800537895,13491,1
GO:0006402,mRNA catabolic process,2/124,248/28564,0.29256872760181973,0.43681970286256977,0.3887989976478975,12696/244551,2
GO:0043254,regulation of protein-containing complex assembly,3/124,435/28564,0.2928334856278823,0.4368577980036872,0.38883290489288813,59030/19229/74499,3
GO:0003012,muscle system process,3/124,436/28564,0.294015815513348,0.4372221603490591,0.3891572119553509,12062/59030/434246,3
GO:0001763,morphogenesis of a branching structure,2/124,249/28564,0.29417191339580884,0.4372221603490591,0.3891572119553509,77767/21923,2
GO:0010632,regulation of epithelial cell migration,2/124,249/28564,0.29417191339580884,0.4372221603490591,0.3891572119553509,14181/19229,2
GO:0051057,positive regulation of small GTPase mediated signal transduction,1/124,80/28564,0.29427493705859453,0.4372221603490591,0.3891572119553509,574402,1
GO:2000573,positive regulation of DNA biosynthetic process,1/124,80/28564,0.29427493705859453,0.4372221603490591,0.3891572119553509,19229,1
GO:0009306,protein secretion,3/124,438/28564,0.29638147967421113,0.4385418115332083,0.39033179051552064,12290/13491/381853,3
GO:0001913,T cell mediated cytotoxicity,1/124,81/28564,0.2973471849101863,0.4385418115332083,0.39033179051552064,15015,1
GO:0045453,bone resorption,1/124,81/28564,0.2973471849101863,0.4385418115332083,0.39033179051552064,19229,1
GO:0051149,positive regulation of muscle cell differentiation,1/124,81/28564,0.2973471849101863,0.4385418115332083,0.39033179051552064,18073,1
GO:0071277,cellular response to calcium ion,1/124,81/28564,0.2973471849101863,0.4385418115332083,0.39033179051552064,54524,1
GO:0140962,multicellular organismal-level chemical homeostasis,1/124,81/28564,0.2973471849101863,0.4385418115332083,0.39033179051552064,50765,1
GO:1990868,response to chemokine,1/124,81/28564,0.2973471849101863,0.4385418115332083,0.39033179051552064,19229,1
GO:1990869,cellular response to chemokine,1/124,81/28564,0.2973471849101863,0.4385418115332083,0.39033179051552064,19229,1
GO:2000242,negative regulation of reproductive process,1/124,81/28564,0.2973471849101863,0.4385418115332083,0.39033179051552064,12659,1
GO:0035592,establishment of protein localization to extracellular region,3/124,439/28564,0.2975647888771331,0.4385418115332083,0.39033179051552064,12290/13491/381853,3
GO:0033674,positive regulation of kinase activity,3/124,440/28564,0.29874839952453924,0.43957661364368145,0.3912528341879542,13491/18205/19229,3
GO:0046700,heterocycle catabolic process,3/124,440/28564,0.29874839952453924,0.43957661364368145,0.3912528341879542,12696/66705/244551,3
GO:0008543,fibroblast growth factor receptor signaling pathway,1/124,82/28564,0.3004061656731375,0.44014315223569206,0.3917570917460706,14181,1
GO:0021766,hippocampus development,1/124,82/28564,0.3004061656731375,0.44014315223569206,0.3917570917460706,59030,1
GO:0043279,response to alkaloid,1/124,82/28564,0.3004061656731375,0.44014315223569206,0.3917570917460706,13491,1
GO:0051304,chromosome separation,1/124,82/28564,0.3004061656731375,0.44014315223569206,0.3917570917460706,21973,1
GO:0140238,presynaptic endocytosis,1/124,82/28564,0.3004061656731375,0.44014315223569206,0.3917570917460706,20528,1
GO:0007411,axon guidance,2/124,253/28564,0.30057968830115445,0.44014315223569206,0.3917570917460706,18205/73710,2
GO:0045055,regulated exocytosis,2/124,254/28564,0.30218026193801706,0.4417783493185101,0.3932125274386232,12290/54524,2
GO:0097485,neuron projection guidance,2/124,254/28564,0.30218026193801706,0.4417783493185101,0.3932125274386232,18205/73710,2
GO:0032272,negative regulation of protein polymerization,1/124,83/28564,0.30345193617578947,0.4429773955258634,0.39427975943502225,59030,1
GO:0009314,response to radiation,3/124,444/28564,0.30348560887341464,0.4429773955258634,0.39427975943502225,114230/12290/12696,3
GO:0071692,protein localization to extracellular region,3/124,445/28564,0.3046705413895164,0.44435176403934257,0.3955030401088056,12290/13491/381853,3
GO:0033209,tumor necrosis factor-mediated signaling pathway,1/124,84/28564,0.30648455300505095,0.4462845245512146,0.3972233273229234,19229,1
GO:0048002,antigen processing and presentation of peptide antigen,1/124,84/28564,0.30648455300505095,0.4462845245512146,0.3972233273229234,15015,1
GO:0019058,viral life cycle,2/124,257/28564,0.3069782931438907,0.4463829673004096,0.3973109480093575,69550/21973,2
GO:0009991,response to extracellular stimulus,3/124,447/28564,0.30704107717925216,0.4463829673004096,0.3973109480093575,109900/59030/73542,3
GO:0002381,immunoglobulin production involved in immunoglobulin-mediated immune response,1/124,85/28564,0.30950407250741663,0.448083151999052,0.3988242270632019,50723,1
GO:0043954,cellular component maintenance,1/124,85/28564,0.30950407250741663,0.448083151999052,0.3988242270632019,66961,1
GO:0060411,cardiac septum morphogenesis,1/124,85/28564,0.30950407250741663,0.448083151999052,0.3988242270632019,23796,1
GO:0070228,regulation of lymphocyte apoptotic process,1/124,85/28564,0.30950407250741663,0.448083151999052,0.3988242270632019,60533,1
GO:1901796,regulation of signal transduction by p53 class mediator,1/124,85/28564,0.30950407250741663,0.448083151999052,0.3988242270632019,12062,1
GO:0006814,sodium ion transport,2/124,259/28564,0.31017366052946427,0.448083151999052,0.3988242270632019,13491/55961,2
GO:0043547,positive regulation of GTPase activity,2/124,259/28564,0.31017366052946427,0.448083151999052,0.3988242270632019,18205/19229,2
GO:0044843,cell cycle G1/S phase transition,2/124,259/28564,0.31017366052946427,0.448083151999052,0.3988242270632019,12696/118454,2
GO:0031397,negative regulation of protein ubiquitination,1/124,86/28564,0.3125105507899786,0.4493261934980322,0.3999306178364915,17472,1
GO:0032456,endocytic recycling,1/124,86/28564,0.3125105507899786,0.4493261934980322,0.3999306178364915,329502,1
GO:0032729,positive regulation of type II interferon production,1/124,86/28564,0.3125105507899786,0.4493261934980322,0.3999306178364915,16161,1
GO:0046626,regulation of insulin receptor signaling pathway,1/124,86/28564,0.3125105507899786,0.4493261934980322,0.3999306178364915,434246,1
GO:1902369,negative regulation of RNA catabolic process,1/124,86/28564,0.3125105507899786,0.4493261934980322,0.3999306178364915,12696,1
GO:1903510,mucopolysaccharide metabolic process,1/124,86/28564,0.3125105507899786,0.4493261934980322,0.3999306178364915,16426,1
GO:0032868,response to insulin,2/124,262/28564,0.31496125072983283,0.4522059527749937,0.40249379782359507,20528/434246,2
GO:0002200,somatic diversification of immune receptors,1/124,87/28564,0.3155040437214359,0.4522059527749937,0.40249379782359507,50723,1
GO:0046323,glucose import,1/124,87/28564,0.3155040437214359,0.4522059527749937,0.40249379782359507,20528,1
GO:0098656,monoatomic anion transmembrane transport,1/124,87/28564,0.3155040437214359,0.4522059527749937,0.40249379782359507,55961,1
GO:0003281,ventricular septum development,1/124,88/28564,0.31848460693309943,0.4557624547490906,0.4056593244552925,23796,1
GO:0051966,"regulation of synaptic transmission, glutamatergic",1/124,88/28564,0.31848460693309943,0.4557624547490906,0.4056593244552925,19229,1
GO:0030073,insulin secretion,2/124,265/28564,0.31974172528836686,0.4569868493236613,0.4067491182081818,12290/381853,2
GO:0006631,fatty acid metabolic process,3/124,458/28564,0.32009100782309025,0.4569868493236613,0.4067491182081818,11812/18784/18823,3
GO:0016055,Wnt signaling pathway,3/124,458/28564,0.32009100782309025,0.4569868493236613,0.4067491182081818,242939/18073/74499,3
GO:0040014,regulation of multicellular organism growth,1/124,89/28564,0.321452295819892,0.45857179075556465,0.40815982298183656,59030,1
GO:0198738,cell-cell signaling by wnt,3/124,460/28564,0.3224651339481742,0.4593514859933607,0.40885380433144003,242939/18073/74499,3
GO:0019439,aromatic compound catabolic process,3/124,461/28564,0.32365227855702283,0.4593514859933607,0.40885380433144003,12696/66705/244551,3
GO:0070997,neuron death,3/124,461/28564,0.32365227855702283,0.4593514859933607,0.40885380433144003,17136/18205/19229,3
GO:0033627,cell adhesion mediated by integrin,1/124,90/28564,0.3244071655413432,0.4593514859933607,0.40885380433144003,230379,1
GO:0035023,regulation of Rho protein signal transduction,1/124,90/28564,0.3244071655413432,0.4593514859933607,0.40885380433144003,574402,1
GO:0051384,response to glucocorticoid,1/124,90/28564,0.3244071655413432,0.4593514859933607,0.40885380433144003,20887,1
GO:0061178,regulation of insulin secretion involved in cellular response to glucose stimulus,1/124,90/28564,0.3244071655413432,0.4593514859933607,0.40885380433144003,12290,1
GO:1900076,regulation of cellular response to insulin stimulus,1/124,90/28564,0.3244071655413432,0.4593514859933607,0.40885380433144003,434246,1
GO:1900407,regulation of cellular response to oxidative stress,1/124,90/28564,0.3244071655413432,0.4593514859933607,0.40885380433144003,23876,1
GO:0031348,negative regulation of defense response,2/124,268/28564,0.3245144671037433,0.4593514859933607,0.40885380433144003,574402/18784,2
GO:0002088,lens development in camera-type eye,1/124,91/28564,0.3273492710225846,0.4615751111098374,0.410832980661549,107993,1
GO:0032273,positive regulation of protein polymerization,1/124,91/28564,0.3273492710225846,0.4615751111098374,0.410832980661549,19229,1
GO:0036465,synaptic vesicle recycling,1/124,91/28564,0.3273492710225846,0.4615751111098374,0.410832980661549,20528,1
GO:0045665,negative regulation of neuron differentiation,1/124,91/28564,0.3273492710225846,0.4615751111098374,0.410832980661549,17136,1
GO:0050766,positive regulation of phagocytosis,1/124,91/28564,0.3273492710225846,0.4615751111098374,0.410832980661549,18784,1
GO:0045444,fat cell differentiation,2/124,270/28564,0.32769170194708386,0.46170142573717216,0.4109454091993969,59030/20528,2
GO:0002711,positive regulation of T cell mediated immunity,1/124,92/28564,0.33027866695533514,0.4628463897624267,0.41196450440605686,15015,1
GO:0007040,lysosome organization,1/124,92/28564,0.33027866695533514,0.4628463897624267,0.41196450440605686,18784,1
GO:0007218,neuropeptide signaling pathway,1/124,92/28564,0.33027866695533514,0.4628463897624267,0.41196450440605686,381853,1
GO:0015914,phospholipid transport,1/124,92/28564,0.33027866695533514,0.4628463897624267,0.41196450440605686,11812,1
GO:0019915,lipid storage,1/124,92/28564,0.33027866695533514,0.4628463897624267,0.41196450440605686,232889,1
GO:0050709,negative regulation of protein secretion,1/124,92/28564,0.33027866695533514,0.4628463897624267,0.41196450440605686,13491,1
GO:0080171,lytic vacuole organization,1/124,92/28564,0.33027866695533514,0.4628463897624267,0.41196450440605686,18784,1
GO:0002429,immune response-activating cell surface receptor signaling pathway,2/124,272/28564,0.330865059220398,0.4633125752580113,0.4123794409398568,50723/17441,2
GO:0033002,muscle cell proliferation,2/124,273/28564,0.3324502303692938,0.4640845268045484,0.4130665298819524,11815/13491,2
GO:0090092,regulation of transmembrane receptor protein serine/threonine kinase signaling pathway,2/124,273/28564,0.3324502303692938,0.4640845268045484,0.4130665298819524,74499/278507,2
GO:0016575,histone deacetylation,1/124,93/28564,0.33319540779888446,0.4640845268045484,0.4130665298819524,23796,1
GO:0021675,nerve development,1/124,93/28564,0.33319540779888446,0.4640845268045484,0.4130665298819524,18205,1
GO:0030512,negative regulation of transforming growth factor beta receptor signaling pathway,1/124,93/28564,0.33319540779888446,0.4640845268045484,0.4130665298819524,278507,1
GO:0031016,pancreas development,1/124,93/28564,0.33319540779888446,0.4640845268045484,0.4130665298819524,381853,1
GO:0051937,catecholamine transport,1/124,93/28564,0.33319540779888446,0.4640845268045484,0.4130665298819524,54524,1
GO:0021537,telencephalon development,2/124,274/28564,0.33403436844784684,0.4648984426720795,0.41379096990009273,59030/73710,2
GO:0007286,spermatid development,2/124,275/28564,0.3356174526454877,0.46564322780595047,0.41445387890262725,59030/74469,2
GO:0042490,mechanoreceptor differentiation,1/124,94/28564,0.33609954778107487,0.46564322780595047,0.41445387890262725,18205,1
GO:0043648,dicarboxylic acid metabolic process,1/124,94/28564,0.33609954778107487,0.46564322780595047,0.41445387890262725,109900,1
GO:0050871,positive regulation of B cell activation,1/124,94/28564,0.33609954778107487,0.46564322780595047,0.41445387890262725,12182,1
GO:0070555,response to interleukin-1,1/124,94/28564,0.33609954778107487,0.46564322780595047,0.41445387890262725,58203,1
GO:0090305,nucleic acid phosphodiester bond hydrolysis,1/124,94/28564,0.33609954778107487,0.46564322780595047,0.41445387890262725,52670,1
GO:0002697,regulation of immune effector process,3/124,472/28564,0.336710971093548,0.4661366438338276,0.4148930524467803,69550/15015/18784,3
GO:0034248,regulation of amide metabolic process,3/124,473/28564,0.3378978445789804,0.4671681685147741,0.415811178985883,12696/244551/19229,3
GO:0006720,isoprenoid metabolic process,1/124,95/28564,0.33899114089927473,0.4671681685147741,0.415811178985883,13113,1
GO:0035050,embryonic heart tube development,1/124,95/28564,0.33899114089927473,0.4671681685147741,0.415811178985883,23796,1
GO:0055072,iron ion homeostasis,1/124,95/28564,0.33899114089927473,0.4671681685147741,0.415811178985883,50765,1
GO:0061157,mRNA destabilization,1/124,95/28564,0.33899114089927473,0.4671681685147741,0.415811178985883,244551,1
GO:0072332,intrinsic apoptotic signaling pathway by p53 class mediator,1/124,95/28564,0.33899114089927473,0.4671681685147741,0.415811178985883,12062,1
GO:0022604,regulation of cell morphogenesis,2/124,278/28564,0.3403601767956881,0.4687011182721919,0.4171756076625724,77767/19229,2
GO:0043535,regulation of blood vessel endothelial cell migration,1/124,96/28564,0.34187024092135065,0.4697178780454374,0.41808059243797513,14181,1
GO:0045104,intermediate filament cytoskeleton organization,1/124,96/28564,0.34187024092135065,0.4697178780454374,0.41808059243797513,107993,1
GO:1903312,negative regulation of mRNA metabolic process,1/124,96/28564,0.34187024092135065,0.4697178780454374,0.41808059243797513,12696,1
GO:0110053,regulation of actin filament organization,2/124,280/28564,0.3435163507734327,0.47162470414457747,0.41977779627556794,59030/19229,2
GO:0044344,cellular response to fibroblast growth factor stimulus,1/124,97/28564,0.3447369013866366,0.47188124582608576,0.4200061356750311,14181,1
GO:0045103,intermediate filament-based process,1/124,97/28564,0.3447369013866366,0.47188124582608576,0.4200061356750311,107993,1
GO:1903321,negative regulation of protein modification by small protein conjugation or removal,1/124,97/28564,0.3447369013866366,0.47188124582608576,0.4200061356750311,17472,1
GO:2001251,negative regulation of chromosome organization,1/124,97/28564,0.3447369013866366,0.47188124582608576,0.4200061356750311,21973,1
GO:0051258,protein polymerization,2/124,281/28564,0.3450926856099591,0.4720144149241837,0.42012466515417063,59030/19229,2
GO:0002443,leukocyte mediated immunity,3/124,480/28564,0.34620271734475283,0.47317826487389125,0.4211605701073892,69550/15015/50723,3
GO:0006367,transcription initiation at RNA polymerase II promoter,1/124,98/28564,0.34759117560689334,0.4747206332521969,0.4225333819919249,74469,1
GO:0002768,immune response-regulating cell surface receptor signaling pathway,2/124,283/28564,0.34824175368741983,0.47507563012696263,0.42284935315387684,50723/17441,2
GO:0002253,activation of immune response,3/124,482/28564,0.3485741766526661,0.47507563012696263,0.42284935315387684,50723/17441/58203,3
GO:0001570,vasculogenesis,1/124,99/28564,0.3504331166672724,0.47507563012696263,0.42284935315387684,23796,1
GO:0001912,positive regulation of leukocyte mediated cytotoxicity,1/124,99/28564,0.3504331166672724,0.47507563012696263,0.42284935315387684,15015,1
GO:0003333,amino acid transmembrane transport,1/124,99/28564,0.3504331166672724,0.47507563012696263,0.42284935315387684,11989,1
GO:0045638,negative regulation of myeloid cell differentiation,1/124,99/28564,0.3504331166672724,0.47507563012696263,0.42284935315387684,19229,1
GO:0051492,regulation of stress fiber assembly,1/124,99/28564,0.3504331166672724,0.47507563012696263,0.42284935315387684,59030,1
GO:1902600,proton transmembrane transport,1/124,99/28564,0.3504331166672724,0.47507563012696263,0.42284935315387684,13491,1
GO:1902882,regulation of response to oxidative stress,1/124,99/28564,0.3504331166672724,0.47507563012696263,0.42284935315387684,23876,1
GO:0048515,spermatid differentiation,2/124,285/28564,0.3513858921057873,0.47507563012696263,0.42284935315387684,59030/74469,2
GO:0002690,positive regulation of leukocyte chemotaxis,1/124,100/28564,0.3532627774272674,0.47507563012696263,0.42284935315387684,19229,1
GO:0031058,positive regulation of histone modification,1/124,100/28564,0.3532627774272674,0.47507563012696263,0.42284935315387684,23796,1
GO:0031960,response to corticosteroid,1/124,100/28564,0.3532627774272674,0.47507563012696263,0.42284935315387684,20887,1
GO:0032091,negative regulation of protein binding,1/124,100/28564,0.3532627774272674,0.47507563012696263,0.42284935315387684,278507,1
GO:0035773,insulin secretion involved in cellular response to glucose stimulus,1/124,100/28564,0.3532627774272674,0.47507563012696263,0.42284935315387684,12290,1
GO:0050779,RNA destabilization,1/124,100/28564,0.3532627774272674,0.47507563012696263,0.42284935315387684,244551,1
GO:0051341,regulation of oxidoreductase activity,1/124,100/28564,0.3532627774272674,0.47507563012696263,0.42284935315387684,19229,1
GO:0061014,positive regulation of mRNA catabolic process,1/124,100/28564,0.3532627774272674,0.47507563012696263,0.42284935315387684,244551,1
GO:0071774,response to fibroblast growth factor,1/124,100/28564,0.3532627774272674,0.47507563012696263,0.42284935315387684,14181,1
GO:2001243,negative regulation of intrinsic apoptotic signaling pathway,1/124,100/28564,0.3532627774272674,0.47507563012696263,0.42284935315387684,12062,1
GO:1901361,organic cyclic compound catabolic process,3/124,486/28564,0.3533147347822646,0.47507563012696263,0.42284935315387684,12696/66705/244551,3
GO:0060021,roof of mouth development,1/124,101/28564,0.35608021052166783,0.4784418428348532,0.4258455095042447,278507,1
GO:0071375,cellular response to peptide hormone stimulus,2/124,289/28564,0.35765878113046246,0.48020951054722383,0.42741885299182203,20528/434246,2
GO:0014910,regulation of smooth muscle cell migration,1/124,102/28564,0.35888546836150614,0.4815024726143352,0.428569676437732,13491,1
GO:0060560,developmental growth involved in morphogenesis,2/124,290/28564,0.35922369082539307,0.48160239313301595,0.42865861243867914,17136/21923,2
GO:0002028,regulation of sodium ion transport,1/124,103/28564,0.361678603135,0.48382793357106957,0.4306394935341739,13491,1
GO:0031123,RNA 3'-end processing,1/124,103/28564,0.361678603135,0.48382793357106957,0.4306394935341739,52670,1
GO:0034968,histone lysine methylation,1/124,103/28564,0.361678603135,0.48382793357106957,0.4306394935341739,50709,1
GO:0010506,regulation of autophagy,2/124,292/28564,0.36234940985410125,0.48437044099091425,0.43112236172823637,230379/60440,2
GO:0006401,RNA catabolic process,2/124,293/28564,0.3639101841012953,0.48610094818505134,0.4326626298482269,12696/244551,2
GO:0046330,positive regulation of JNK cascade,1/124,104/28564,0.36445966680849207,0.4864790581815106,0.4329991732473929,19229,1
GO:0042593,glucose homeostasis,2/124,295/28564,0.36702747565825644,0.48945958140044377,0.43565203993905877,12290/20528,2
GO:0030593,neutrophil chemotaxis,1/124,105/28564,0.36722871112738664,0.48945958140044377,0.43565203993905877,12182,1
GO:0007409,axonogenesis,3/124,498/28564,0.36751165762004667,0.4894794214545625,0.43566969892537305,17136/18205/73710,3
GO:0033500,carbohydrate homeostasis,2/124,296/28564,0.3685839589272176,0.49054978790167597,0.43662239725611784,12290/20528,2
GO:0010660,regulation of muscle cell apoptotic process,1/124,106/28564,0.3699857876170809,0.49134112595548346,0.4373267414972425,19229,1
GO:0051153,regulation of striated muscle cell differentiation,1/124,106/28564,0.3699857876170809,0.49134112595548346,0.4373267414972425,434246,1
GO:2000060,positive regulation of ubiquitin-dependent protein catabolic process,1/124,106/28564,0.3699857876170809,0.49134112595548346,0.4373267414972425,19229,1
GO:0019236,response to pheromone,1/124,107/28564,0.3727309475838909,0.4939090785835884,0.43961239253649653,56544,1
GO:0030203,glycosaminoglycan metabolic process,1/124,107/28564,0.3727309475838909,0.4939090785835884,0.43961239253649653,16426,1
GO:0030510,regulation of BMP signaling pathway,1/124,107/28564,0.3727309475838909,0.4939090785835884,0.43961239253649653,74499,1
GO:0006790,sulfur compound metabolic process,2/124,299/28564,0.37324455805053514,0.4942310101524852,0.4398989333460756,227231/20887,2
GO:0019217,regulation of fatty acid metabolic process,1/124,108/28564,0.37546424211597795,0.4960909595541069,0.4415544137611928,11812,1
GO:0019731,antibacterial humoral response,1/124,108/28564,0.37546424211597795,0.4960909595541069,0.4415544137611928,71775,1
GO:0046849,bone remodeling,1/124,108/28564,0.37546424211597795,0.4960909595541069,0.4415544137611928,19229,1
GO:0007173,epidermal growth factor receptor signaling pathway,1/124,109/28564,0.3781857220842665,0.49896468824123597,0.4441122261166014,19229,1
GO:0042116,macrophage activation,1/124,109/28564,0.3781857220842665,0.49896468824123597,0.4441122261166014,18784,1
GO:0031343,positive regulation of cell killing,1/124,110/28564,0.38089543814336135,0.5018146248555395,0.4466488619224956,15015,1
GO:2000243,positive regulation of reproductive process,1/124,110/28564,0.38089543814336135,0.5018146248555395,0.4466488619224956,13491,1
GO:0060070,canonical Wnt signaling pathway,2/124,305/28564,0.38252446885710834,0.5032346398653313,0.44791277105670807,18073/74499,2
GO:0071695,anatomical structure maturation,2/124,305/28564,0.38252446885710834,0.5032346398653313,0.44791277105670807,107993/19229,2
GO:0010657,muscle cell apoptotic process,1/124,111/28564,0.3835934407324606,0.5034484979836985,0.4481031192061051,19229,1
GO:0032479,regulation of type I interferon production,1/124,111/28564,0.3835934407324606,0.5034484979836985,0.4481031192061051,17472,1
GO:0048525,negative regulation of viral process,1/124,111/28564,0.3835934407324606,0.5034484979836985,0.4481031192061051,69550,1
GO:0015850,organic hydroxy compound transport,2/124,306/28564,0.3840655847159321,0.5034484979836985,0.4481031192061051,11812/54524,2
GO:0045089,positive regulation of innate immune response,2/124,306/28564,0.3840655847159321,0.5034484979836985,0.4481031192061051,18784/58203,2
GO:0061448,connective tissue development,2/124,307/28564,0.3856050780444984,0.5038191988708953,0.44843306799830657,16840/59030,2
GO:1903311,regulation of mRNA metabolic process,2/124,307/28564,0.3856050780444984,0.5038191988708953,0.44843306799830657,12696/244551,2
GO:0007200,phospholipase C-activating G protein-coupled receptor signaling pathway,1/124,112/28564,0.3862797800762615,0.5038191988708953,0.44843306799830657,574402,1
GO:0008344,adult locomotory behavior,1/124,112/28564,0.3862797800762615,0.5038191988708953,0.44843306799830657,13491,1
GO:0062014,negative regulation of small molecule metabolic process,1/124,112/28564,0.3862797800762615,0.5038191988708953,0.44843306799830657,11812,1
GO:0070227,lymphocyte apoptotic process,1/124,112/28564,0.3862797800762615,0.5038191988708953,0.44843306799830657,60533,1
GO:0110020,regulation of actomyosin structure organization,1/124,112/28564,0.3862797800762615,0.5038191988708953,0.44843306799830657,59030,1
GO:0071222,cellular response to lipopolysaccharide,2/124,308/28564,0.38714293389112187,0.5045845805033465,0.44911430927374596,60533/100702,2
GO:0002027,regulation of heart rate,1/124,113/28564,0.38895450618586913,0.5055024400678982,0.4499312661929065,12290,1
GO:0014909,smooth muscle cell migration,1/124,113/28564,0.38895450618586913,0.5055024400678982,0.4499312661929065,13491,1
GO:0015844,monoamine transport,1/124,113/28564,0.38895450618586913,0.5055024400678982,0.4499312661929065,54524,1
GO:0021761,limbic system development,1/124,113/28564,0.38895450618586913,0.5055024400678982,0.4499312661929065,59030,1
GO:0002703,regulation of leukocyte mediated immunity,2/124,310/28564,0.3902136741209914,0.5067782140433359,0.45106679107794473,69550/15015,2
GO:0030516,regulation of axon extension,1/124,114/28564,0.3916176688596924,0.5078791643024135,0.4520467110641186,17136,1
GO:0032024,positive regulation of insulin secretion,1/124,114/28564,0.3916176688596924,0.5078791643024135,0.4520467110641186,381853,1
GO:0016079,synaptic vesicle exocytosis,1/124,115/28564,0.39426931768434625,0.509869528393496,0.4538182693489121,12290,1
GO:0032231,regulation of actin filament bundle assembly,1/124,115/28564,0.39426931768434625,0.509869528393496,0.4538182693489121,59030,1
GO:0048024,"regulation of mRNA splicing, via spliceosome",1/124,115/28564,0.39426931768434625,0.509869528393496,0.4538182693489121,12696,1
GO:0071456,cellular response to hypoxia,1/124,115/28564,0.39426931768434625,0.509869528393496,0.4538182693489121,20528,1
GO:0048511,rhythmic process,2/124,314/28564,0.3963348643359732,0.510751762309301,0.45460351703785135,13491/21973,2
GO:0002526,acute inflammatory response,1/124,116/28564,0.3969095020355411,0.510751762309301,0.45460351703785135,12062,1
GO:0032606,type I interferon production,1/124,116/28564,0.3969095020355411,0.510751762309301,0.45460351703785135,17472,1
GO:0043255,regulation of carbohydrate biosynthetic process,1/124,116/28564,0.3969095020355411,0.510751762309301,0.45460351703785135,19229,1
GO:0043266,regulation of potassium ion transport,1/124,116/28564,0.3969095020355411,0.510751762309301,0.45460351703785135,19229,1
GO:0045132,meiotic chromosome segregation,1/124,116/28564,0.3969095020355411,0.510751762309301,0.45460351703785135,21973,1
GO:0045446,endothelial cell differentiation,1/124,116/28564,0.3969095020355411,0.510751762309301,0.45460351703785135,16840,1
GO:0006476,protein deacetylation,1/124,117/28564,0.39953827107897444,0.5130498473911443,0.4566489677592246,23796,1
GO:0030101,natural killer cell activation,1/124,117/28564,0.39953827107897444,0.5130498473911443,0.4566489677592246,16161,1
GO:0071482,cellular response to light stimulus,1/124,117/28564,0.39953827107897444,0.5130498473911443,0.4566489677592246,114230,1
GO:0002366,leukocyte activation involved in immune response,2/124,317/28564,0.4009075601892269,0.5144463843327676,0.4578919798292462,50723/19229,2
GO:0001942,hair follicle development,1/124,118/28564,0.4021556737712163,0.5145896289899905,0.45801947723557124,66705,1
GO:0018022,peptidyl-lysine methylation,1/124,118/28564,0.4021556737712163,0.5145896289899905,0.45801947723557124,50709,1
GO:0030301,cholesterol transport,1/124,118/28564,0.4021556737712163,0.5145896289899905,0.45801947723557124,11812,1
GO:0006936,muscle contraction,2/124,318/28564,0.40242825312032116,0.5145896289899905,0.45801947723557124,12062/59030,2
GO:0071219,cellular response to molecule of bacterial origin,2/124,318/28564,0.40242825312032116,0.5145896289899905,0.45801947723557124,60533/100702,2
GO:0060840,artery development,1/124,119/28564,0.4047617588605915,0.517211316780574,0.4603529561936969,23796,1
GO:0002263,cell activation involved in immune response,2/124,321/28564,0.4069795290529371,0.5190740444840153,0.4620109094848214,50723/19229,2
GO:0002709,regulation of T cell mediated immunity,1/124,120/28564,0.407356574888058,0.5190740444840153,0.4620109094848214,15015,1
GO:0042542,response to hydrogen peroxide,1/124,120/28564,0.407356574888058,0.5190740444840153,0.4620109094848214,19229,1
GO:2000106,regulation of leukocyte apoptotic process,1/124,120/28564,0.407356574888058,0.5190740444840153,0.4620109094848214,60533,1
GO:0030198,extracellular matrix organization,2/124,322/28564,0.40849297681340935,0.5201591183133093,0.462976698377673,23876/18073,2
GO:0022404,molting cycle process,1/124,121/28564,0.40994017018808226,0.5206316865517252,0.4633973159830886,66705,1
GO:0022405,hair cycle process,1/124,121/28564,0.40994017018808226,0.5206316865517252,0.4633973159830886,66705,1
GO:0042100,B cell proliferation,1/124,121/28564,0.40994017018808226,0.5206316865517252,0.4633973159830886,12182,1
GO:0045927,positive regulation of growth,2/124,323/28564,0.4100045811946226,0.5206316865517252,0.4633973159830886,59030/19229,2
GO:0043062,extracellular structure organization,2/124,324/28564,0.4115143296486775,0.5218230319017257,0.4644576936970455,23876/18073,2
GO:0045229,external encapsulating structure organization,2/124,324/28564,0.4115143296486775,0.5218230319017257,0.4644576936970455,23876/18073,2
GO:0015918,sterol transport,1/124,122/28564,0.4125125928895086,0.5227258810660949,0.46526129034763963,11812,1
GO:0034504,protein localization to nucleus,2/124,325/28564,0.41302220976932447,0.523008706684318,0.465513024223547,11815/17472,2
GO:0018105,peptidyl-serine phosphorylation,2/124,326/28564,0.41452820929098566,0.524515518902008,0.4668541887269848,12062/18205,2
GO:0038127,ERBB signaling pathway,1/124,123/28564,0.4150738909164302,0.524515518902008,0.4668541887269848,19229,1
GO:0051952,regulation of amine transport,1/124,123/28564,0.4150738909164302,0.524515518902008,0.4668541887269848,54524,1
GO:0002699,positive regulation of immune effector process,2/124,327/28564,0.41603231608778857,0.5250000063416046,0.4672854152253633,15015/18784,2
GO:0010631,epithelial cell migration,2/124,327/28564,0.41603231608778857,0.5250000063416046,0.4672854152253633,14181/19229,2
GO:0000956,nuclear-transcribed mRNA catabolic process,1/124,124/28564,0.41762411198904914,0.5266447710580137,0.4687493667571182,244551,1
GO:0070372,regulation of ERK1 and ERK2 cascade,2/124,329/28564,0.41903480369606205,0.5276948631372478,0.469684019533009,18784/19229,2
GO:0090132,epithelium migration,2/124,329/28564,0.41903480369606205,0.5276948631372478,0.469684019533009,14181/19229,2
GO:0034440,lipid oxidation,1/124,125/28564,0.42016330362454,0.528387184861164,0.4703002325621936,11815,1
GO:0050764,regulation of phagocytosis,1/124,125/28564,0.42016330362454,0.528387184861164,0.4703002325621936,18784,1
GO:0090130,tissue migration,2/124,331/28564,0.42202957834472976,0.5303688988695641,0.47206409168997915,14181/19229,2
GO:0098659,inorganic cation import across plasma membrane,1/124,126/28564,0.4226915131379041,0.530470586247294,0.47215460031464923,12290,1
GO:0099587,inorganic ion import across plasma membrane,1/124,126/28564,0.4226915131379041,0.530470586247294,0.47215460031464923,12290,1
GO:0002718,regulation of cytokine production involved in immune response,1/124,127/28564,0.42520878764282355,0.5321667212034241,0.4736642748245154,69550,1
GO:0006906,vesicle fusion,1/124,127/28564,0.42520878764282355,0.5321667212034241,0.4736642748245154,18784,1
GO:0035249,"synaptic transmission, glutamatergic",1/124,127/28564,0.42520878764282355,0.5321667212034241,0.4736642748245154,19229,1
GO:0035710,"CD4-positive, alpha-beta T cell activation",1/124,127/28564,0.42520878764282355,0.5321667212034241,0.4736642748245154,60533,1
GO:0016032,viral process,2/124,334/28564,0.4265070776908948,0.5329476072191967,0.4743593160468321,69550/21973,2
GO:1901653,cellular response to peptide,2/124,334/28564,0.4265070776908948,0.5329476072191967,0.4743593160468321,20528/434246,2
GO:0003279,cardiac septum development,1/124,128/28564,0.427715174052511,0.5329476072191967,0.4743593160468321,23796,1
GO:0006575,cellular modified amino acid metabolic process,1/124,128/28564,0.427715174052511,0.5329476072191967,0.4743593160468321,109900,1
GO:0014812,muscle cell migration,1/124,128/28564,0.427715174052511,0.5329476072191967,0.4743593160468321,13491,1
GO:0043280,positive regulation of cysteine-type endopeptidase activity involved in apoptotic process,1/124,128/28564,0.427715174052511,0.5329476072191967,0.4743593160468321,230379,1
GO:0009410,response to xenobiotic stimulus,2/124,335/28564,0.4279956226062357,0.5329476072191967,0.4743593160468321,13113/20887,2
GO:0009895,negative regulation of catabolic process,2/124,336/28564,0.4294821717932835,0.5329476072191967,0.4743593160468321,11812/12696,2
GO:0001676,long-chain fatty acid metabolic process,1/124,129/28564,0.4302107190805563,0.5329476072191967,0.4743593160468321,18823,1
GO:0015837,amine transport,1/124,129/28564,0.4302107190805563,0.5329476072191967,0.4743593160468321,54524,1
GO:0035601,protein deacylation,1/124,129/28564,0.4302107190805563,0.5329476072191967,0.4743593160468321,23796,1
GO:0048640,negative regulation of developmental growth,1/124,129/28564,0.4302107190805563,0.5329476072191967,0.4743593160468321,17136,1
GO:0061387,regulation of extent of cell growth,1/124,129/28564,0.4302107190805563,0.5329476072191967,0.4743593160468321,17136,1
GO:0090174,organelle membrane fusion,1/124,129/28564,0.4302107190805563,0.5329476072191967,0.4743593160468321,18784,1
GO:0098732,macromolecule deacylation,1/124,129/28564,0.4302107190805563,0.5329476072191967,0.4743593160468321,23796,1
GO:0033138,positive regulation of peptidyl-serine phosphorylation,1/124,130/28564,0.4326954692417667,0.5352994084251125,0.47645257774161165,18205,1
GO:2000278,regulation of DNA biosynthetic process,1/124,130/28564,0.4326954692417667,0.5352994084251125,0.47645257774161165,19229,1
GO:0071621,granulocyte chemotaxis,1/124,131/28564,0.4351694708530073,0.5375627915973489,0.4784671414229012,12182,1
GO:1903052,positive regulation of proteolysis involved in protein catabolic process,1/124,131/28564,0.4351694708530073,0.5375627915973489,0.4784671414229012,19229,1
GO:0007265,Ras protein signal transduction,2/124,340/28564,0.4354081975752897,0.5375627915973489,0.4784671414229012,27261/574402,2
GO:0032414,positive regulation of ion transmembrane transporter activity,1/124,132/28564,0.4376327700340372,0.5395796340865306,0.4802622672678869,13491,1
GO:1990266,neutrophil migration,1/124,132/28564,0.4376327700340372,0.5395796340865306,0.4802622672678869,12182,1
GO:0007127,meiosis I,1/124,133/28564,0.44008541270834023,0.5418718567804648,0.48230250006862146,21973,1
GO:0019882,antigen processing and presentation,1/124,133/28564,0.44008541270834023,0.5418718567804648,0.48230250006862146,15015,1
GO:0001910,regulation of leukocyte mediated cytotoxicity,1/124,134/28564,0.4425274446039531,0.5433449160401786,0.4836136221629308,15015,1
GO:0007368,determination of left/right symmetry,1/124,134/28564,0.4425274446039531,0.5433449160401786,0.4836136221629308,23796,1
GO:0050829,defense response to Gram-negative bacterium,1/124,134/28564,0.4425274446039531,0.5433449160401786,0.4836136221629308,60440,1
GO:0018209,peptidyl-serine modification,2/124,345/28564,0.44276957013569873,0.5433449160401786,0.4836136221629308,12062/18205,2
GO:0071216,cellular response to biotic stimulus,2/124,345/28564,0.44276957013569873,0.5433449160401786,0.4836136221629308,60533/100702,2
GO:0003158,endothelium development,1/124,135/28564,0.444958911254291,0.5445676755699299,0.48470196061565207,16840,1
GO:0006352,DNA-templated transcription initiation,1/124,135/28564,0.444958911254291,0.5445676755699299,0.48470196061565207,74469,1
GO:0016571,histone methylation,1/124,135/28564,0.444958911254291,0.5445676755699299,0.48470196061565207,50709,1
GO:0090090,negative regulation of canonical Wnt signaling pathway,1/124,135/28564,0.444958911254291,0.5445676755699299,0.48470196061565207,74499,1
GO:0000018,regulation of DNA recombination,1/124,136/28564,0.4473798579989693,0.5457018174389565,0.4857114233733492,50709,1
GO:0009791,post-embryonic development,1/124,136/28564,0.4473798579989693,0.5457018174389565,0.4857114233733492,109900,1
GO:0017015,regulation of transforming growth factor beta receptor signaling pathway,1/124,136/28564,0.4473798579989693,0.5457018174389565,0.4857114233733492,278507,1
GO:0051101,regulation of DNA binding,1/124,136/28564,0.4473798579989693,0.5457018174389565,0.4857114233733492,278507,1
GO:0061982,meiosis I cell cycle process,1/124,136/28564,0.4473798579989693,0.5457018174389565,0.4857114233733492,21973,1
GO:0032874,positive regulation of stress-activated MAPK cascade,1/124,137/28564,0.4497903299846219,0.5475447617012797,0.48735176806754826,19229,1
GO:0042303,molting cycle,1/124,137/28564,0.4497903299846219,0.5475447617012797,0.48735176806754826,66705,1
GO:0042633,hair cycle,1/124,137/28564,0.4497903299846219,0.5475447617012797,0.48735176806754826,66705,1
GO:0001889,liver development,1/124,138/28564,0.452190372165714,0.5497334351362143,0.48929983504370483,109900,1
GO:0007266,Rho protein signal transduction,1/124,138/28564,0.452190372165714,0.5497334351362143,0.48929983504370483,574402,1
GO:0006913,nucleocytoplasmic transport,2/124,352/28564,0.45298713081547604,0.5499697479182575,0.4895101693582692,11815/17472,2
GO:0051169,nuclear transport,2/124,352/28564,0.45298713081547604,0.5499697479182575,0.4895101693582692,11815/17472,2
GO:0070371,ERK1 and ERK2 cascade,2/124,353/28564,0.45443820600940377,0.5500749725060167,0.4896038263384389,18784/19229,2
GO:0070304,positive regulation of stress-activated protein kinase signaling cascade,1/124,139/28564,0.45458002930535557,0.5500749725060167,0.4896038263384389,19229,1
GO:0072089,stem cell proliferation,1/124,139/28564,0.45458002930535557,0.5500749725060167,0.4896038263384389,96875,1
GO:0099175,regulation of postsynapse organization,1/124,139/28564,0.45458002930535557,0.5500749725060167,0.4896038263384389,19229,1
GO:1903844,regulation of cellular response to transforming growth factor beta stimulus,1/124,139/28564,0.45458002930535557,0.5500749725060167,0.4896038263384389,278507,1
GO:0032411,positive regulation of transporter activity,1/124,140/28564,0.4569593459761081,0.5514922443835911,0.49086529389996236,13491,1
GO:0036294,cellular response to decreased oxygen levels,1/124,140/28564,0.4569593459761081,0.5514922443835911,0.49086529389996236,20528,1
GO:0051963,regulation of synapse assembly,1/124,140/28564,0.4569593459761081,0.5514922443835911,0.49086529389996236,19229,1
GO:0060972,left/right pattern formation,1/124,140/28564,0.4569593459761081,0.5514922443835911,0.49086529389996236,23796,1
GO:0006997,nucleus organization,1/124,141/28564,0.45932836656078857,0.5532543518073878,0.492433688355685,66961,1
GO:0008286,insulin receptor signaling pathway,1/124,141/28564,0.45932836656078857,0.5532543518073878,0.492433688355685,434246,1
GO:0061008,hepaticobiliary system development,1/124,141/28564,0.45932836656078857,0.5532543518073878,0.492433688355685,109900,1
GO:0002698,negative regulation of immune effector process,1/124,143/28564,0.4640356960592884,0.557820395657841,0.49649777534772965,69550,1
GO:0009855,determination of bilateral symmetry,1/124,143/28564,0.4640356960592884,0.557820395657841,0.49649777534772965,23796,1
GO:1905039,carboxylic acid transmembrane transport,1/124,143/28564,0.4640356960592884,0.557820395657841,0.49649777534772965,11989,1
GO:0001959,regulation of cytokine-mediated signaling pathway,1/124,144/28564,0.4663740927972164,0.5580596942645591,0.496710767247639,58203,1
GO:0007189,adenylate cyclase-activating G protein-coupled receptor signaling pathway,1/124,144/28564,0.4663740927972164,0.5580596942645591,0.496710767247639,381853,1
GO:0009799,specification of symmetry,1/124,144/28564,0.4663740927972164,0.5580596942645591,0.496710767247639,23796,1
GO:0014902,myotube differentiation,1/124,144/28564,0.4663740927972164,0.5580596942645591,0.496710767247639,434246,1
GO:0035270,endocrine system development,1/124,144/28564,0.4663740927972164,0.5580596942645591,0.496710767247639,381853,1
GO:0048675,axon extension,1/124,144/28564,0.4663740927972164,0.5580596942645591,0.496710767247639,17136,1
GO:1903825,organic acid transmembrane transport,1/124,144/28564,0.4663740927972164,0.5580596942645591,0.496710767247639,11989,1
GO:0034614,cellular response to reactive oxygen species,1/124,146/28564,0.4710205684103126,0.5625137723461286,0.5006751971536421,23876,1
GO:0050684,regulation of mRNA processing,1/124,146/28564,0.4710205684103126,0.5625137723461286,0.5006751971536421,12696,1
GO:0051053,negative regulation of DNA metabolic process,1/124,146/28564,0.4710205684103126,0.5625137723461286,0.5006751971536421,50709,1
GO:0006690,icosanoid metabolic process,1/124,147/28564,0.4733287339925889,0.564900828934946,0.5027998385170673,18784,1
GO:0008203,cholesterol metabolic process,1/124,148/28564,0.47562690892255743,0.5669025689899412,0.5045815221770158,11812,1
GO:0050864,regulation of B cell activation,1/124,148/28564,0.47562690892255743,0.5669025689899412,0.5045815221770158,12182,1
GO:0052548,regulation of endopeptidase activity,2/124,368/28564,0.475939244765608,0.5669048016581867,0.5045835094023406,230379/18788,2
GO:0002367,cytokine production involved in immune response,1/124,149/28564,0.47791513609364433,0.5685166374638401,0.5060181519825728,69550,1
GO:0010469,regulation of signaling receptor activity,1/124,149/28564,0.47791513609364433,0.5685166374638401,0.5060181519825728,19229,1
GO:0051604,protein maturation,2/124,371/28564,0.48017848108802774,0.5704835749535132,0.5077688590120623,242939/50765,2
GO:0015698,inorganic anion transport,1/124,150/28564,0.48019345821662096,0.5704835749535132,0.5077688590120623,55961,1
GO:0002449,lymphocyte mediated immunity,2/124,372/28564,0.4815869519652882,0.5717670834126244,0.5089112681092363,15015/50723,2
GO:0003206,cardiac chamber morphogenesis,1/124,152/28564,0.48472055725268937,0.57325112535195,0.5102321655291467,23796,1
GO:0019233,sensory perception of pain,1/124,152/28564,0.48472055725268937,0.57325112535195,0.5102321655291467,12290,1
GO:0046328,regulation of JNK cascade,1/124,152/28564,0.48472055725268937,0.57325112535195,0.5102321655291467,19229,1
GO:0050729,positive regulation of inflammatory response,1/124,152/28564,0.48472055725268937,0.57325112535195,0.5102321655291467,58203,1
GO:0071887,leukocyte apoptotic process,1/124,152/28564,0.48472055725268937,0.57325112535195,0.5102321655291467,60533,1
GO:2001257,regulation of cation channel activity,1/124,152/28564,0.48472055725268937,0.57325112535195,0.5102321655291467,13491,1
GO:0003231,cardiac ventricle development,1/124,153/28564,0.48696941868098254,0.5751656911458435,0.5119362582170879,23796,1
GO:0098876,vesicle-mediated transport to the plasma membrane,1/124,153/28564,0.48696941868098254,0.5751656911458435,0.5119362582170879,329502,1
GO:0062012,regulation of small molecule metabolic process,2/124,377/28564,0.4885944498471637,0.5767120009185009,0.5133125782084311,11812/19229,2
GO:0060759,regulation of response to cytokine stimulus,1/124,154/28564,0.4892085440930961,0.5770638252674377,0.5136257256084187,58203,1
GO:0031341,regulation of cell killing,1/124,155/28564,0.49143797529804023,0.5793193950253205,0.5156333348239436,15015,1
GO:0071333,cellular response to glucose stimulus,1/124,156/28564,0.49365775392675093,0.5810257257751176,0.5171520842778472,12290,1
GO:0071453,cellular response to oxygen levels,1/124,156/28564,0.49365775392675093,0.5810257257751176,0.5171520842778472,20528,1
GO:0010639,negative regulation of organelle organization,2/124,381/28564,0.4941582432249494,0.5810257257751176,0.5171520842778472,59030/21973,2
GO:0021700,developmental maturation,2/124,381/28564,0.4941582432249494,0.5810257257751176,0.5171520842778472,107993/19229,2
GO:0009411,response to UV,1/124,157/28564,0.49586792143284353,0.5822860607950947,0.5182738674512171,12696,1
GO:0022612,gland morphogenesis,1/124,157/28564,0.49586792143284353,0.5822860607950947,0.5182738674512171,21923,1
GO:0030216,keratinocyte differentiation,1/124,158/28564,0.49806851909336136,0.5836479498849667,0.5194860405962926,66705,1
GO:0071331,cellular response to hexose stimulus,1/124,158/28564,0.49806851909336136,0.5836479498849667,0.5194860405962926,12290,1
GO:2001056,positive regulation of cysteine-type endopeptidase activity,1/124,158/28564,0.49806851909336136,0.5836479498849667,0.5194860405962926,230379,1
GO:0045862,positive regulation of proteolysis,2/124,384/28564,0.4983062178919294,0.5836479498849667,0.5194860405962926,230379/19229,2
GO:0045088,regulation of innate immune response,2/124,385/28564,0.4996841086877666,0.58443634530095,0.520187765691282,18784/58203,2
GO:0006820,monoatomic anion transport,1/124,159/28564,0.5002595880095208,0.58443634530095,0.520187765691282,55961,1
GO:0071326,cellular response to monosaccharide stimulus,1/124,159/28564,0.5002595880095208,0.58443634530095,0.520187765691282,12290,1
GO:0098773,skin epidermis development,1/124,159/28564,0.5002595880095208,0.58443634530095,0.520187765691282,66705,1
GO:0043434,response to peptide hormone,2/124,386/28564,0.5010596066753932,0.5849967019112967,0.5206865208687623,20528/434246,2
GO:0010565,regulation of cellular ketone metabolic process,1/124,160/28564,0.502441169107455,0.5854866463243221,0.521122604441548,11812,1
GO:0031056,regulation of histone modification,1/124,160/28564,0.502441169107455,0.5854866463243221,0.521122604441548,23796,1
GO:1902652,secondary alcohol metabolic process,1/124,160/28564,0.502441169107455,0.5854866463243221,0.521122604441548,11812,1
GO:0008544,epidermis development,2/124,388/28564,0.5038034030350533,0.5866996262385251,0.5222022383768276,66705/18205,2
GO:0051701,biological process involved in interaction with host,1/124,161/28564,0.5046133031389531,0.5872682546409997,0.5227083560072079,100702,1
GO:1903532,positive regulation of secretion by cell,2/124,389/28564,0.5051716910363903,0.5875436355620691,0.5229534636005274,381853/50765,2
GO:0002456,T cell mediated immunity,1/124,162/28564,0.5067760306821973,0.587911710308572,0.5232810749503864,15015,1
GO:0016125,sterol metabolic process,1/124,162/28564,0.5067760306821973,0.587911710308572,0.5232810749503864,11812,1
GO:0072006,nephron development,1/124,162/28564,0.5067760306821973,0.587911710308572,0.5232810749503864,18073,1
GO:0097530,granulocyte migration,1/124,162/28564,0.5067760306821973,0.587911710308572,0.5232810749503864,12182,1
GO:0002757,immune response-activating signaling pathway,2/124,391/28564,0.5079010214226756,0.5888427080113051,0.524109725698654,50723/17441,2
GO:0030010,establishment of cell polarity,1/124,163/28564,0.5089293921424963,0.5892981689135575,0.5245151166210484,19229,1
GO:0042060,wound healing,2/124,392/28564,0.509262053968014,0.5892981689135575,0.5245151166210484,18788/434246,2
GO:0140694,non-membrane-bounded organelle assembly,2/124,392/28564,0.509262053968014,0.5892981689135575,0.5245151166210484,12696/232889,2
GO:0002687,positive regulation of leukocyte migration,1/124,164/28564,0.5110734277530145,0.5910196827593441,0.5260473800544344,19229,1
GO:1902903,regulation of supramolecular fiber organization,2/124,394/28564,0.5119768298165559,0.5916896780031842,0.5266437210105012,59030/19229,2
GO:0010977,negative regulation of neuron projection development,1/124,165/28564,0.5132081775755013,0.5923629154569313,0.527242947752062,17136,1
GO:0016064,immunoglobulin mediated immune response,1/124,165/28564,0.5132081775755013,0.5923629154569313,0.527242947752062,50723,1
GO:0032368,regulation of lipid transport,1/124,166/28564,0.5153336815010141,0.5940652161747801,0.528758110205719,11812,1
GO:0035725,sodium ion transmembrane transport,1/124,166/28564,0.5153336815010141,0.5940652161747801,0.528758110205719,13491,1
GO:0060562,epithelial tube morphogenesis,2/124,397/28564,0.5160307012193601,0.5944934135183291,0.529139234722027,23796/21923,2
GO:0006865,amino acid transport,1/124,167/28564,0.5174499792506401,0.5950023061156604,0.5295921834568397,11989,1
GO:0071322,cellular response to carbohydrate stimulus,1/124,167/28564,0.5174499792506401,0.5950023061156604,0.5295921834568397,12290,1
GO:2000045,regulation of G1/S transition of mitotic cell cycle,1/124,167/28564,0.5174499792506401,0.5950023061156604,0.5295921834568397,118454,1
GO:0002708,positive regulation of lymphocyte mediated immunity,1/124,168/28564,0.519557110376214,0.5955500838336263,0.530079742571695,15015,1
GO:0019724,B cell mediated immunity,1/124,168/28564,0.519557110376214,0.5955500838336263,0.530079742571695,50723,1
GO:0030178,negative regulation of Wnt signaling pathway,1/124,168/28564,0.519557110376214,0.5955500838336263,0.530079742571695,74499,1
GO:0048284,organelle fusion,1/124,168/28564,0.519557110376214,0.5955500838336263,0.530079742571695,18784,1
GO:2000058,regulation of ubiquitin-dependent protein catabolic process,1/124,168/28564,0.519557110376214,0.5955500838336263,0.530079742571695,19229,1
GO:0007009,plasma membrane organization,1/124,169/28564,0.5216551142610338,0.5975798234884867,0.5318863477640073,434246,1
GO:0002764,immune response-regulating signaling pathway,2/124,402/28564,0.5227380814913356,0.5984449760521497,0.5326563918974574,50723/17441,2
GO:0006457,protein folding,1/124,170/28564,0.5237440301205737,0.5988457100815076,0.533013072211822,59030,1
GO:0032675,regulation of interleukin-6 production,1/124,170/28564,0.5237440301205737,0.5988457100815076,0.533013072211822,96875,1
GO:0009266,response to temperature stimulus,1/124,171/28564,0.5258238970031913,0.6004718173407301,0.534460417348295,12696,1
GO:0061025,membrane fusion,1/124,171/28564,0.5258238970031913,0.6004718173407301,0.534460417348295,18784,1
GO:0002440,production of molecular mediator of immune response,2/124,405/28564,0.5267328852058617,0.6007584312216762,0.5347155230335321,69550/50723,2
GO:0048638,regulation of developmental growth,2/124,405/28564,0.5267328852058617,0.6007584312216762,0.5347155230335321,17136/59030,2
GO:0050768,negative regulation of neurogenesis,1/124,173/28564,0.5299566391997521,0.6040579420591431,0.5376523102203938,17136,1
GO:0042770,signal transduction in response to DNA damage,1/124,174/28564,0.532009591781177,0.6056588301371564,0.5390772085846369,230379,1
GO:0007178,transmembrane receptor protein serine/threonine kinase signaling pathway,2/124,409/28564,0.5320245145345011,0.6056588301371564,0.5390772085846369,74499/278507,2
GO:0001678,intracellular glucose homeostasis,1/124,175/28564,0.5340536499220412,0.6072116841579372,0.5404593533981986,12290,1
GO:0010675,regulation of cellular carbohydrate metabolic process,1/124,175/28564,0.5340536499220412,0.6072116841579372,0.5404593533981986,19229,1
GO:0051494,negative regulation of cytoskeleton organization,1/124,176/28564,0.5360888518456617,0.6091463867269311,0.5421813691741406,59030,1
GO:0051961,negative regulation of nervous system development,1/124,178/28564,0.5401328391205211,0.6125978659838954,0.5452534185041417,17136,1
GO:1901991,negative regulation of mitotic cell cycle phase transition,1/124,178/28564,0.5401328391205211,0.6125978659838954,0.5452534185041417,118454,1
GO:1902904,negative regulation of supramolecular fiber organization,1/124,178/28564,0.5401328391205211,0.6125978659838954,0.5452534185041417,59030,1
GO:0051098,regulation of binding,2/124,416/28564,0.5411886133160948,0.6133523819049177,0.5459249885635518,69563/278507,2
GO:0007254,JNK cascade,1/124,179/28564,0.5421417001065374,0.6133523819049177,0.5459249885635518,19229,1
GO:0010950,positive regulation of endopeptidase activity,1/124,179/28564,0.5421417001065374,0.6133523819049177,0.5459249885635518,230379,1
GO:0032635,interleukin-6 production,1/124,179/28564,0.5421417001065374,0.6133523819049177,0.5459249885635518,96875,1
GO:0030183,B cell differentiation,1/124,180/28564,0.5441418561462339,0.6152340738842248,0.5475998213392766,19229,1
GO:0001909,leukocyte mediated cytotoxicity,1/124,181/28564,0.5461333446551779,0.6159601527735361,0.5482460805224764,15015,1
GO:0019730,antimicrobial humoral response,1/124,181/28564,0.5461333446551779,0.6159601527735361,0.5482460805224764,71775,1
GO:0030509,BMP signaling pathway,1/124,181/28564,0.5461333446551779,0.6159601527735361,0.5482460805224764,74499,1
GO:2001242,regulation of intrinsic apoptotic signaling pathway,1/124,181/28564,0.5461333446551779,0.6159601527735361,0.5482460805224764,12062,1
GO:0055088,lipid homeostasis,1/124,182/28564,0.5481162028894293,0.6174337979494744,0.5495577241217435,107770,1
GO:1902905,positive regulation of supramolecular fiber organization,1/124,182/28564,0.5481162028894293,0.6174337979494744,0.5495577241217435,19229,1
GO:0006479,protein methylation,1/124,183/28564,0.5500904679462157,0.6188941432346211,0.5508575299211708,50709,1
GO:0008213,protein alkylation,1/124,183/28564,0.5500904679462157,0.6188941432346211,0.5508575299211708,50709,1
GO:2001233,regulation of apoptotic signaling pathway,2/124,424/28564,0.5515107103368311,0.6201099489378409,0.5519396789992657,12062/244551,2
GO:0002244,hematopoietic progenitor cell differentiation,1/124,184/28564,0.5520561767646035,0.6203412792444098,0.5521455785746059,21973,1
GO:0007369,gastrulation,1/124,185/28564,0.5540133661261678,0.6210707896012093,0.5527948919953117,23796,1
GO:0009612,response to mechanical stimulus,1/124,185/28564,0.5540133661261678,0.6210707896012093,0.5527948919953117,59030,1
GO:0045834,positive regulation of lipid metabolic process,1/124,185/28564,0.5540133661261678,0.6210707896012093,0.5527948919953117,19229,1
GO:0016570,histone modification,2/124,426/28564,0.5540658906135651,0.6210707896012093,0.5527948919953117,23796/50709,2
GO:0043484,regulation of RNA splicing,1/124,186/28564,0.5559620726556562,0.6224320936046771,0.5540065443740251,12696,1
GO:0071897,DNA biosynthetic process,1/124,186/28564,0.5559620726556562,0.6224320936046771,0.5540065443740251,19229,1
GO:0007264,small GTPase mediated signal transduction,2/124,428/28564,0.5566108959633618,0.6226953910344383,0.5542408968450871,27261/574402,2
GO:0009267,cellular response to starvation,1/124,187/28564,0.5579023328216545,0.6226953910344383,0.5542408968450871,73542,1
GO:0032388,positive regulation of intracellular transport,1/124,187/28564,0.5579023328216545,0.6226953910344383,0.5542408968450871,329502,1
GO:0050770,regulation of axonogenesis,1/124,187/28564,0.5579023328216545,0.6226953910344383,0.5542408968450871,17136,1
GO:0051260,protein homooligomerization,1/124,187/28564,0.5579023328216545,0.6226953910344383,0.5542408968450871,434246,1
GO:0043161,proteasome-mediated ubiquitin-dependent protein catabolic process,2/124,430/28564,0.5591457095926358,0.623701933852262,0.5551367878410634,74165/434246,2
GO:1903531,negative regulation of secretion by cell,1/124,188/28564,0.5598341829372453,0.6237078816616289,0.5551420817925609,13491,1
GO:1903555,regulation of tumor necrosis factor superfamily cytokine production,1/124,188/28564,0.5598341829372453,0.6237078816616289,0.5551420817925609,60533,1
GO:0050714,positive regulation of protein secretion,1/124,189/28564,0.5617576591606658,0.6250880473049212,0.5563705223028756,381853,1
GO:0071478,cellular response to radiation,1/124,189/28564,0.5617576591606658,0.6250880473049212,0.5563705223028756,114230,1
GO:0030534,adult behavior,1/124,191/28564,0.5655796337936481,0.6285748090731597,0.559473975447604,13491,1
GO:0048754,branching morphogenesis of an epithelial tube,1/124,191/28564,0.5655796337936481,0.6285748090731597,0.559473975447604,21923,1
GO:1901987,regulation of cell cycle phase transition,2/124,437/28564,0.5679370793381715,0.630483298582005,0.5611726598320261,12696/118454,2
GO:0031331,positive regulation of cellular catabolic process,2/124,438/28564,0.5691827472265383,0.630483298582005,0.5611726598320261,244551/19229,2
GO:0010951,negative regulation of endopeptidase activity,1/124,193/28564,0.5693685429144174,0.630483298582005,0.5611726598320261,18788,1
GO:0051650,establishment of vesicle localization,1/124,193/28564,0.5693685429144174,0.630483298582005,0.5611726598320261,20528,1
GO:0071772,response to BMP,1/124,193/28564,0.5693685429144174,0.630483298582005,0.5611726598320261,74499,1
GO:0071773,cellular response to BMP stimulus,1/124,193/28564,0.5693685429144174,0.630483298582005,0.5611726598320261,74499,1
GO:0072594,establishment of protein localization to organelle,2/124,439/28564,0.5704258500107461,0.6312712740118923,0.5618740111110635,11815/17472,2
GO:0002705,positive regulation of leukocyte mediated immunity,1/124,194/28564,0.571250686676661,0.631801183447355,0.5623456662493319,15015,1
GO:0071706,tumor necrosis factor superfamily cytokine production,1/124,195/28564,0.5731246702808941,0.6334901016543055,0.5638489173656814,60533,1
GO:1905952,regulation of lipid localization,1/124,196/28564,0.5749905288196218,0.6351680009828369,0.5653423609370497,11812,1
GO:0015931,nucleobase-containing compound transport,1/124,197/28564,0.576848297235667,0.6360658156716956,0.5661414765648805,228993,1
GO:0050905,neuromuscular process,1/124,197/28564,0.576848297235667,0.6360658156716956,0.5661414765648805,12140,1
GO:1902075,cellular response to salt,1/124,197/28564,0.576848297235667,0.6360658156716956,0.5661414765648805,54524,1
GO:1901652,response to peptide,2/124,447/28564,0.5802781757785576,0.638978599866411,0.5687340509562108,20528/434246,2
GO:0003205,cardiac chamber development,1/124,199/28564,0.5805397027263833,0.638978599866411,0.5687340509562108,23796,1
GO:0009749,response to glucose,1/124,199/28564,0.5805397027263833,0.638978599866411,0.5687340509562108,12290,1
GO:0008016,regulation of heart contraction,1/124,200/28564,0.582373408943973,0.6406107498383704,0.5701867745145811,12290,1
GO:0006486,protein glycosylation,1/124,202/28564,0.5860170000762278,0.6430505378517548,0.5723583504024383,230379,1
GO:0007179,transforming growth factor beta receptor signaling pathway,1/124,202/28564,0.5860170000762278,0.6430505378517548,0.5723583504024383,278507,1
GO:0009746,response to hexose,1/124,202/28564,0.5860170000762278,0.6430505378517548,0.5723583504024383,12290,1
GO:0043413,macromolecule glycosylation,1/124,202/28564,0.5860170000762278,0.6430505378517548,0.5723583504024383,230379,1
GO:0031349,positive regulation of defense response,2/124,452/28564,0.586352215511047,0.6430505378517548,0.5723583504024383,18784/58203,2
GO:0051047,positive regulation of secretion,2/124,453/28564,0.5875592888274799,0.643508403261028,0.5727658814982575,381853/50765,2
GO:0010952,positive regulation of peptidase activity,1/124,203/28564,0.5878269532526805,0.643508403261028,0.5727658814982575,230379,1
GO:0032872,regulation of stress-activated MAPK cascade,1/124,203/28564,0.5878269532526805,0.643508403261028,0.5727658814982575,19229,1
GO:0001764,neuron migration,1/124,204/28564,0.5896290567679539,0.6447081782384932,0.5738337621492094,73710,1
GO:0046578,regulation of Ras protein signal transduction,1/124,204/28564,0.5896290567679539,0.6447081782384932,0.5738337621492094,574402,1
GO:0034284,response to monosaccharide,1/124,205/28564,0.5914233443899839,0.6462830801053924,0.5752355310328735,12290,1
GO:0006469,negative regulation of protein kinase activity,1/124,206/28564,0.5932098497426281,0.6474603620024142,0.5762833913251442,545902,1
GO:0070302,regulation of stress-activated protein kinase signaling cascade,1/124,206/28564,0.5932098497426281,0.6474603620024142,0.5762833913251442,19229,1
GO:0031346,positive regulation of cell projection organization,2/124,459/28564,0.5947475383651422,0.6478528295260938,0.5766327138919058,19229/73710,2
GO:0006109,regulation of carbohydrate metabolic process,1/124,207/28564,0.5949886063062757,0.6478528295260938,0.5766327138919058,19229,1
GO:0007033,vacuole organization,1/124,207/28564,0.5949886063062757,0.6478528295260938,0.5766327138919058,18784,1
GO:0050777,negative regulation of immune response,1/124,207/28564,0.5949886063062757,0.6478528295260938,0.5766327138919058,574402,1
GO:0002700,regulation of production of molecular mediator of immune response,1/124,208/28564,0.5967596474184533,0.6490072163109565,0.5776601959901521,69550,1
GO:0031334,positive regulation of protein-containing complex assembly,1/124,208/28564,0.5967596474184533,0.6490072163109565,0.5776601959901521,19229,1
GO:0017148,negative regulation of translation,1/124,209/28564,0.5985230062744313,0.6497639770850843,0.5783337641202342,244551,1
GO:0044706,multi-multicellular organism process,1/124,209/28564,0.5985230062744313,0.6497639770850843,0.5783337641202342,11434,1
GO:1990138,neuron projection extension,1/124,209/28564,0.5985230062744313,0.6497639770850843,0.5783337641202342,17136,1
GO:0030307,positive regulation of cell growth,1/124,210/28564,0.6002787159278247,0.6505097538778681,0.5789975557660855,19229,1
GO:0042594,response to starvation,1/124,210/28564,0.6002787159278247,0.6505097538778681,0.5789975557660855,73542,1
GO:0140013,meiotic nuclear division,1/124,210/28564,0.6002787159278247,0.6505097538778681,0.5789975557660855,21973,1
GO:0043281,regulation of cysteine-type endopeptidase activity involved in apoptotic process,1/124,211/28564,0.6020268092911931,0.6512446408564685,0.57965165474283,230379,1
GO:0046890,regulation of lipid biosynthetic process,1/124,211/28564,0.6020268092911931,0.6512446408564685,0.57965165474283,11812,1
GO:0098742,cell-cell adhesion via plasma-membrane adhesion molecules,1/124,211/28564,0.6020268092911931,0.6512446408564685,0.57965165474283,17136,1
GO:0048771,tissue remodeling,1/124,212/28564,0.6037673191366381,0.6527407488120196,0.5809832917309957,19229,1
GO:0031396,regulation of protein ubiquitination,1/124,214/28564,0.6072257186634322,0.6557032302066393,0.583620099982159,17472,1
GO:0051648,vesicle localization,1/124,214/28564,0.6072257186634322,0.6557032302066393,0.583620099982159,20528,1
GO:0001667,ameboidal-type cell migration,2/124,470/28564,0.6076845665999524,0.655810885704204,0.5837159206360126,14181/19229,2
GO:0007416,synapse assembly,1/124,216/28564,0.6106541738983751,0.6586264155572551,0.5862219321037655,19229,1
GO:0008361,regulation of cell size,1/124,218/28564,0.6140529420220866,0.6611206793233079,0.5884419950857136,17136,1
GO:0051048,negative regulation of secretion,1/124,218/28564,0.6140529420220866,0.6611206793233079,0.5884419950857136,13491,1
GO:1902115,regulation of organelle assembly,1/124,218/28564,0.6140529420220866,0.6611206793233079,0.5884419950857136,19229,1
GO:0031345,negative regulation of cell projection organization,1/124,219/28564,0.6157412731865988,0.6625477694983674,0.5897122015942118,17136,1
GO:0009743,response to carbohydrate,1/124,220/28564,0.6174222780243079,0.662794285521685,0.5899316174816868,12290,1
GO:0016051,carbohydrate biosynthetic process,1/124,220/28564,0.6174222780243079,0.662794285521685,0.5899316174816868,19229,1
GO:0035265,organ growth,1/124,220/28564,0.6174222780243079,0.662794285521685,0.5899316174816868,23876,1
GO:0048639,positive regulation of developmental growth,1/124,220/28564,0.6174222780243079,0.662794285521685,0.5899316174816868,59030,1
GO:0006397,mRNA processing,2/124,479/28564,0.6180370616197978,0.6630644386120745,0.5901720719531003,12696/52670,2
GO:0006006,glucose metabolic process,1/124,222/28564,0.6207624347224099,0.6655973022919087,0.5924264914617553,11815,1
GO:0048732,gland development,2/124,483/28564,0.6225711330104073,0.6671448878386174,0.5938039469780511,109900/21923,2
GO:0070085,glycosylation,1/124,224/28564,0.624073662779751,0.6683627614286366,0.5948879366148699,230379,1
GO:0006914,autophagy,2/124,485/28564,0.6248227193166964,0.6683809522391844,0.5949041276631698,230379/60440,2
GO:0061919,process utilizing autophagic mechanism,2/124,485/28564,0.6248227193166964,0.6683809522391844,0.5949041276631698,230379/60440,2
GO:1903050,regulation of proteolysis involved in protein catabolic process,1/124,225/28564,0.6257185063159296,0.6689473024197233,0.5954082175223686,19229,1
GO:0043393,regulation of protein binding,1/124,226/28564,0.6273562107238773,0.6703056996967818,0.5966172827185283,278507,1
GO:0042391,regulation of membrane potential,2/124,488/28564,0.6281808068756978,0.6707942417280843,0.5970521180769944,13491/19229,2
GO:0001666,response to hypoxia,1/124,227/28564,0.6289868067387774,0.6708702740099344,0.5971197919359765,20528,1
GO:0035264,multicellular organism growth,1/124,227/28564,0.6289868067387774,0.6708702740099344,0.5971197919359765,59030,1
GO:0007163,establishment or maintenance of cell polarity,1/124,228/28564,0.6306103249645738,0.6722092547491604,0.5983115751038818,19229,1
GO:0061138,morphogenesis of a branching epithelium,1/124,229/28564,0.6322267958745255,0.6727541545844309,0.5987965727090341,21923,1
GO:1903046,meiotic cell cycle process,1/124,229/28564,0.6322267958745255,0.6727541545844309,0.5987965727090341,21973,1
GO:2000113,negative regulation of cellular macromolecule biosynthetic process,1/124,229/28564,0.6322267958745255,0.6727541545844309,0.5987965727090341,244551,1
GO:0033673,negative regulation of kinase activity,1/124,230/28564,0.6338362498117607,0.6740739616518784,0.5999712900158529,545902,1
GO:0000082,G1/S transition of mitotic cell cycle,1/124,231/28564,0.6354387169898273,0.6753848063000144,0.6011380301649981,118454,1
GO:0031669,cellular response to nutrient levels,1/124,232/28564,0.6370342274932423,0.676293313606198,0.6019466629434309,73542,1
GO:0034249,negative regulation of amide metabolic process,1/124,232/28564,0.6370342274932423,0.676293313606198,0.6019466629434309,244551,1
GO:0055001,muscle cell development,1/124,235/28564,0.6417793178767417,0.6809349415705579,0.6060780248947608,278507,1
GO:0002218,activation of innate immune response,1/124,236/28564,0.6433472999651769,0.6814107713088242,0.6065015454550209,58203,1
GO:0045637,regulation of myeloid cell differentiation,1/124,236/28564,0.6433472999651769,0.6814107713088242,0.6065015454550209,19229,1
GO:0051056,regulation of small GTPase mediated signal transduction,1/124,236/28564,0.6433472999651769,0.6814107713088242,0.6065015454550209,574402,1
GO:0016197,endosomal transport,1/124,237/28564,0.6449084738851258,0.6826683323560809,0.607620859605574,329502,1
GO:0002706,regulation of lymphocyte mediated immunity,1/124,238/28564,0.6464628689583158,0.683521249981404,0.6083800138186936,15015,1
GO:0045930,negative regulation of mitotic cell cycle,1/124,238/28564,0.6464628689583158,0.683521249981404,0.6083800138186936,118454,1
GO:0030324,lung development,1/124,239/28564,0.6480105143812191,0.6843650660845033,0.6091310670631654,21923,1
GO:0031503,protein-containing complex localization,1/124,239/28564,0.6480105143812191,0.6843650660845033,0.6091310670631654,13491,1
GO:0006909,phagocytosis,1/124,240/28564,0.6495514392255876,0.6855959121537126,0.6102266030814161,18784,1
GO:0030323,respiratory tube development,1/124,242/28564,0.652613242845274,0.687238628278818,0.6116887312287399,21923,1
GO:0046777,protein autophosphorylation,1/124,242/28564,0.652613242845274,0.687238628278818,0.6116887312287399,19229,1
GO:0060047,heart contraction,1/124,242/28564,0.652613242845274,0.687238628278818,0.6116887312287399,12290,1
GO:0071560,cellular response to transforming growth factor beta stimulus,1/124,242/28564,0.652613242845274,0.687238628278818,0.6116887312287399,278507,1
GO:0000819,sister chromatid segregation,1/124,243/28564,0.654134179145224,0.6876505533213465,0.6120553722996248,21973,1
GO:0006470,protein dephosphorylation,1/124,243/28564,0.654134179145224,0.6876505533213465,0.6120553722996248,545902,1
GO:0051403,stress-activated MAPK cascade,1/124,243/28564,0.654134179145224,0.6876505533213465,0.6120553722996248,19229,1
GO:0009913,epidermal cell differentiation,1/124,244/28564,0.655648509916948,0.6884497867213037,0.6127667439313385,66705,1
GO:0042180,cellular ketone metabolic process,1/124,244/28564,0.655648509916948,0.6884497867213037,0.6127667439313385,11812,1
GO:0006813,potassium ion transport,1/124,245/28564,0.6571562636164641,0.6896364007837146,0.6138229104802302,19229,1
GO:0033044,regulation of chromosome organization,1/124,246/28564,0.6586574685782056,0.6904182190722178,0.6145187814881562,21973,1
GO:0071559,response to transforming growth factor beta,1/124,246/28564,0.6586574685782056,0.6904182190722178,0.6145187814881562,278507,1
GO:1903320,regulation of protein modification by small protein conjugation or removal,1/124,249/28564,0.6631220725681357,0.6946993141189993,0.618329244826042,17472,1
GO:0001906,cell killing,1/124,250/28564,0.6645973635093879,0.6954468686350386,0.6189946187654924,15015,1
GO:0060828,regulation of canonical Wnt signaling pathway,1/124,250/28564,0.6645973635093879,0.6954468686350386,0.6189946187654924,74499,1
GO:0099173,postsynapse organization,1/124,251/28564,0.6660662455792061,0.6961860128377965,0.6196525069588735,19229,1
GO:2000116,regulation of cysteine-type endopeptidase activity,1/124,251/28564,0.6660662455792061,0.6961860128377965,0.6196525069588735,230379,1
GO:0051259,protein complex oligomerization,1/124,254/28564,0.6704347141270863,0.700351137297517,0.6233597486524277,434246,1
GO:0003015,heart process,1/124,255/28564,0.6718782356900761,0.7006565724557847,0.6236316065439163,12290,1
GO:0031098,stress-activated protein kinase signaling cascade,1/124,255/28564,0.6718782356900761,0.7006565724557847,0.6236316065439163,19229,1
GO:0036293,response to decreased oxygen levels,1/124,255/28564,0.6718782356900761,0.7006565724557847,0.6236316065439163,20528,1
GO:0019318,hexose metabolic process,1/124,256/28564,0.6733154852847079,0.7013542932857254,0.6242526251416152,11815,1
GO:0060291,long-term synaptic potentiation,1/124,256/28564,0.6733154852847079,0.7013542932857254,0.6242526251416152,19229,1
GO:1901988,negative regulation of cell cycle phase transition,1/124,258/28564,0.6761712765754588,0.7039274521247365,0.6265429100597183,118454,1
GO:0044403,biological process involved in symbiotic interaction,1/124,260/28564,0.6790023028599635,0.7064719116936145,0.6288076506917283,100702,1
GO:0002377,immunoglobulin production,1/124,261/28564,0.6804085957671631,0.7075319452567425,0.6297511520588058,50723,1
GO:0060348,bone development,1/124,262/28564,0.6818087771657733,0.7085844206628924,0.6306879261563993,23876,1
GO:0002274,myeloid leukocyte activation,1/124,264/28564,0.6845909107028767,0.7106668578416445,0.632541435699256,18784,1
GO:0031668,cellular response to extracellular stimulus,1/124,264/28564,0.6845909107028767,0.7106668578416445,0.632541435699256,73542,1
GO:0032886,regulation of microtubule-based process,1/124,268/28564,0.6900829913152635,0.715961103489586,0.637253671405961,59030,1
GO:0051348,negative regulation of transferase activity,1/124,269/28564,0.691441123527481,0.7169628004322431,0.6381452492462002,545902,1
GO:0060541,respiratory system development,1/124,270/28564,0.6927933518604937,0.7175500059542039,0.6386679017658909,21923,1
GO:1903522,regulation of blood circulation,1/124,270/28564,0.6927933518604937,0.7175500059542039,0.6386679017658909,12290,1
GO:0034599,cellular response to oxidative stress,1/124,276/28564,0.7007841583781096,0.7254148941034173,0.6456681826803923,23876,1
GO:0005996,monosaccharide metabolic process,1/124,282/28564,0.7085687474749032,0.7326424308545714,0.6521011778632954,11815,1
GO:0007605,sensory perception of sound,1/124,282/28564,0.7085687474749032,0.7326424308545714,0.6521011778632954,59030,1
GO:0016485,protein processing,1/124,286/28564,0.7136465211018257,0.73747512593771,0.6564026024372078,242939,1
GO:0048588,developmental cell growth,1/124,287/28564,0.7149021909293728,0.7383548646137075,0.6571856291944224,17136,1
GO:0000375,"RNA splicing, via transesterification reactions",1/124,289/28564,0.717397168318822,0.7396765834840028,0.6583620481347209,12696,1
GO:0000377,"RNA splicing, via transesterification reactions with bulged adenosine as nucleophile",1/124,289/28564,0.717397168318822,0.7396765834840028,0.6583620481347209,12696,1
GO:0000398,"mRNA splicing, via spliceosome",1/124,289/28564,0.717397168318822,0.7396765834840028,0.6583620481347209,12696,1
GO:0009101,glycoprotein biosynthetic process,1/124,290/28564,0.7186365229122249,0.7405362815111303,0.659127237362763,230379,1
GO:0003007,heart morphogenesis,1/124,291/28564,0.7198704859580933,0.7413894570555434,0.6598866211412688,23796,1
GO:0006959,humoral immune response,1/124,299/28564,0.7295508655993461,0.7505126087799471,0.6680068415035674,71775,1
GO:0044262,cellular carbohydrate metabolic process,1/124,299/28564,0.7295508655993461,0.7505126087799471,0.6680068415035674,19229,1
GO:0010948,negative regulation of cell cycle process,1/124,300/28564,0.7307373397782135,0.7513099000197173,0.6687164844817223,118454,1
GO:0045165,cell fate commitment,1/124,303/28564,0.7342658713988987,0.7545129325685924,0.6715673994845833,18205,1
GO:0043414,macromolecule methylation,1/124,305/28564,0.7365927050725273,0.7560529957630325,0.6729381596000013,50709,1
GO:0050807,regulation of synapse organization,1/124,305/28564,0.7365927050725273,0.7560529957630325,0.6729381596000013,19229,1
GO:0060485,mesenchyme development,1/124,310/28564,0.7423217447041146,0.7615053403537716,0.6777911140290674,23796,1
GO:0050803,regulation of synapse structure or activity,1/124,313/28564,0.7456996593107315,0.7645410319491271,0.680493084296681,19229,1
GO:0070482,response to oxygen levels,1/124,315/28564,0.7479271623836249,0.7663944997264305,0.6821427956289898,20528,1
GO:0050954,sensory perception of mechanical stimulus,1/124,317/28564,0.7501353099828245,0.768226066196656,0.6837730133208261,59030,1
GO:0010721,negative regulation of cell development,1/124,318/28564,0.7512321776700881,0.7689181370098547,0.684389003022549,17136,1
GO:0030111,regulation of Wnt signaling pathway,1/124,321/28564,0.7544942046547405,0.7718243236412079,0.6869757051375022,74499,1
GO:0097193,intrinsic apoptotic signaling pathway,1/124,322/28564,0.755572090099729,0.772494197380798,0.6875719379465914,12062,1
GO:0051054,positive regulation of DNA metabolic process,1/124,326/28564,0.7598368900073836,0.7764197879985912,0.6910659783650343,19229,1
GO:0071496,cellular response to external stimulus,1/124,327/28564,0.7608915052648058,0.7770625775243487,0.6916381043970683,73542,1
GO:0048608,reproductive structure development,1/124,329/28564,0.7629869739580846,0.7787670287576649,0.6931551809545365,21923,1
GO:0043588,skin development,1/124,331/28564,0.7650642254572455,0.7804509920027545,0.6946540218206334,66705,1
GO:0061458,reproductive system development,1/124,333/28564,0.7671234168590488,0.782114661744625,0.6961348001001332,21923,1
GO:0048562,embryonic organ morphogenesis,1/124,334/28564,0.7681462887484427,0.782720492887643,0.6966740306788038,23796,1
GO:0001822,kidney development,1/124,336/28564,0.7701786816243638,0.7843537493843213,0.6981277391188057,18073,1
GO:0098813,nuclear chromosome segregation,1/124,338/28564,0.7721934012909559,0.7859671966317088,0.6995638159908678,21973,1
GO:0051321,meiotic cell cycle,1/124,339/28564,0.7731941813603929,0.7865473956345835,0.7000802322360045,21973,1
GO:0050806,positive regulation of synaptic transmission,1/124,341/28564,0.7751826766363538,0.7878194575897772,0.7012124531726617,19229,1
GO:0016311,dephosphorylation,1/124,342/28564,0.7761704294655034,0.7878194575897772,0.7012124531726617,545902,1
GO:0051146,striated muscle cell differentiation,1/124,342/28564,0.7761704294655034,0.7878194575897772,0.7012124531726617,434246,1
GO:1901990,regulation of mitotic cell cycle phase transition,1/124,342/28564,0.7761704294655034,0.7878194575897772,0.7012124531726617,118454,1
GO:0051222,positive regulation of protein transport,1/124,343/28564,0.7771538773694888,0.7883794333759371,0.7017108693909304,381853,1
GO:0072001,renal system development,1/124,352/28564,0.7858142313935055,0.7967222579258972,0.7091365459373872,18073,1
GO:0050878,regulation of body fluid levels,1/124,354/28564,0.787692945174266,0.798183861203224,0.7104374714347023,23796,1
GO:0032259,methylation,1/124,355/28564,0.7886261629976759,0.7986862859865536,0.71088466337882,50709,1
GO:1904951,positive regulation of establishment of protein localization,1/124,359/28564,0.792318518709051,0.8019809396689175,0.7138171273700402,381853,1
GO:0018205,peptidyl-lysine modification,1/124,360/28564,0.7932315661715603,0.8024602990743873,0.7142437895721763,50709,1
GO:0009100,glycoprotein metabolic process,1/124,362/28564,0.7950457326925393,0.8038502258563548,0.7154809181542698,230379,1
GO:0007517,muscle organ development,1/124,377/28564,0.8081579778713416,0.8162037984474944,0.7264764309695805,434246,1
GO:0060271,cilium assembly,1/124,377/28564,0.8081579778713416,0.8162037984474944,0.7264764309695805,59030,1
GO:0043010,camera-type eye development,1/124,378/28564,0.809001927590856,0.8166044885466573,0.7268330721831089,107993,1
GO:0045786,negative regulation of cell cycle,1/124,385/28564,0.8148073427798826,0.8220100596221357,0.7316443950288682,118454,1
GO:0048167,regulation of synaptic plasticity,1/124,386/28564,0.8156222719645696,0.8223778402028183,0.7319717445513068,19229,1
GO:0044782,cilium organization,1/124,408/28564,0.8326774296646698,0.8391109197393416,0.746865313931829,59030,1
GO:0001654,eye development,1/124,426/28564,0.8454601853751162,0.8515225033066531,0.7579124604285886,107993,1
GO:0007059,chromosome segregation,1/124,429/28564,0.8474943691752077,0.8526306986853606,0.7588988290598933,21973,1
GO:0150063,visual system development,1/124,429/28564,0.8474943691752077,0.8526306986853606,0.7588988290598933,107993,1
GO:0008380,RNA splicing,1/124,430/28564,0.848166510572836,0.8528370310055058,0.7590824787412815,12696,1
GO:0048880,sensory system development,1/124,433/28564,0.8501653543354166,0.8543764100255755,0.7604526298953644,107993,1
GO:1903706,regulation of hemopoiesis,1/124,447/28564,0.8591535476582312,0.8629342013332948,0.7680696413550512,19229,1
GO:0003002,regionalization,1/124,449/28564,0.8603931363639669,0.8633729764523053,0.7684601808049571,23796,1
GO:0022411,cellular component disassembly,1/124,450/28564,0.8610088664401138,0.8633729764523053,0.7684601808049571,21973,1
GO:0044772,mitotic cell cycle phase transition,1/124,450/28564,0.8610088664401138,0.8633729764523053,0.7684601808049571,118454,1
GO:0051656,establishment of organelle localization,1/124,454/28564,0.8634449649316838,0.8653405630983834,0.7702114656274307,20528,1
GO:0000280,nuclear division,1/124,456/28564,0.8646470835250651,0.8660699805358031,0.7708606963436213,21973,1
GO:0030098,lymphocyte differentiation,1/124,478/28564,0.8771971532390124,0.8781589922228271,0.7816207321104774,19229,1
GO:0030099,myeloid cell differentiation,1/124,482/28564,0.8793516511917845,0.8798334877129855,0.7831111460361156,19229,1
GO:0007389,pattern specification process,1/124,492/28564,0.884575247872931,0.884575247872931,0.7873316323951147,23796,1
