gene_id	baseMean	log2FoldChange	lfcSE	pvalue	padj
ENSMUSG00000033880	963.5915747027642	1.5296654558395049	0.1990443117725827	4.2678877291458556e-16	8.750023422294834e-12
ENSMUSG00000115529	151.40897194881742	-1.6332317549138986	0.3954240658063579	2.7828263466231356e-8	2.852675287923376e-4
ENSMUSG00000104674	105.91875473851964	1.0987262651279177	0.6356096679292856	2.9592088252814954e-6	0.006934580779421467
